Day,Population,S,E,I,R,S_ratio,E_ratio,I_ratio,R_ratio,Total
1,274284,274256,27,1,0,24.999853998612988,0.00014078705176270604,5.214335250470594e-06,0.0,274284
2,274284,274233,43,8,0,24.999423668804322,0.0005346165136732148,4.171468200376475e-05,0.0,274284
3,274284,274190,69,24,1,24.999234917593785,0.0006347240249525922,0.00012514404601129424,5.214335250470594e-06,274284
4,274284,274166,69,48,1,24.9987353832533,0.0007341794267553706,0.0005252229846927097,5.214335250470594e-06,274284
5,274284,274126,86,66,6,24.99510412010884,0.0016876211543636879,0.0031272450243904986,8.101371240421276e-05,274284
6,274284,274063,124,88,9,24.99313781478179,0.0032191876175078965,0.0034586011371147383,0.00018439646358929597,274284
7,274284,274019,145,107,13,24.988348270711704,0.0034323397419244047,0.005990764550588857,0.0022286249957813014,274284
8,274284,273963,164,138,19,24.985887049480247,0.007129292151371453,0.0043138918613932235,0.002669766506989883,274284
9,274284,273907,181,166,30,24.979824640216304,0.00836636031283807,0.008333591635465465,0.003475407835393659,274284
10,274284,273873,181,194,36,24.978863303931202,0.007093002909495887,0.010536999312404108,0.0035066938468964826,274284
11,274284,273845,173,209,57,24.97557450395079,0.00979594697755725,0.010002366451269114,0.004627182620385068,274284
12,274284,273809,175,229,71,24.973933812411346,0.010707119643597482,0.009428400371463124,0.00593066757359526,274284
13,274284,273756,189,251,88,24.971388553777583,0.011998605086077828,0.009972729667681438,0.006640111468659219,274284
14,274284,273715,200,267,102,24.965896541473636,0.014155899595429712,0.01175281293084923,0.008194746000085086,274284
15,274284,273667,202,289,126,24.96146298819227,0.015052365540798161,0.01288961388862489,0.010595032378307674,274284
16,274284,273612,216,305,151,24.957436899197262,0.016401822264071195,0.015310651132853528,0.01085062740581448,274284
17,274284,273560,214,332,178,24.95386091948624,0.019354429544723484,0.016849103510950467,0.009935547458086622,274284
18,274284,273490,233,367,194,24.942281504227036,0.025412081853150057,0.02045265677849775,0.011853757141315107,274284
19,274284,273434,239,391,220,24.936936320193226,0.027570803629256232,0.02086364579984324,0.014629230377674628,274284
20,274284,273361,255,422,246,24.930411911984958,0.026473960753910845,0.027892217651525678,0.015221909609606758,274284
21,274284,273289,277,448,270,24.920490781201952,0.029058656413390248,0.031748452492696526,0.01870210989196184,274284
22,274284,273208,299,474,303,24.914062906650965,0.027488135277635016,0.03822708932796134,0.020221868743439845,274284
23,274284,273119,340,489,336,24.903899604597587,0.03229388242101002,0.042053493660516215,0.021753019320888148,274284
24,274284,273044,345,533,362,24.8931255287209,0.037989751307746254,0.042844073867353574,0.026040646103997474,274284
25,274284,272952,374,559,399,24.8876025628063,0.03349250043643969,0.04915995123104865,0.02974498552621007,274284
26,274284,272884,352,595,453,24.883081661516748,0.03389415685278878,0.04822574449746808,0.03479843713299529,274284
27,274284,272796,383,613,492,24.872044492364633,0.03883373859482624,0.04766384238884383,0.04145792665169716,274284
28,274284,272683,410,655,536,24.862539266610117,0.04012186759255983,0.053527820588302945,0.04381104520902035,274284
29,274284,272564,433,704,583,24.855016806428758,0.03977644736653717,0.0592324994581709,0.04597424674653555,274284
30,274284,272428,472,758,626,24.83697539619358,0.047603387880894917,0.0669815024500582,0.048439713475466016,274284
31,274284,272263,549,783,689,24.81780582966839,0.05931023646827618,0.06722176194874666,0.05566217191458757,274284
32,274284,272100,594,851,739,24.792134014363178,0.07245010325823753,0.07813981414933263,0.05727606822925218,274284
33,274284,271938,646,892,808,24.762446233641842,0.08463705537927953,0.084676763906087,0.06823994707279121,274284
34,274284,271747,707,950,880,24.7349424274258,0.09915600336925123,0.09296169296996665,0.07293987623498101,274284
35,274284,271565,746,1029,944,24.702214222180498,0.10592434066181701,0.11385002136343529,0.07801141579425176,274284
36,274284,271370,809,1077,1028,24.66792264380067,0.11911666386264558,0.12300521120409452,0.08995548113259222,274284
37,274284,271168,864,1145,1107,24.62797944497195,0.13374217230960112,0.1380452738756479,0.10023310884280147,274284
38,274284,270953,908,1246,1177,24.592868499463716,0.14180569066207252,0.15277572800392158,0.11255008187029047,274284
39,274284,270687,981,1367,1249,24.528787880877296,0.1698967252417354,0.17710922822329164,0.12420616565767885,274284
40,274284,270410,1065,1472,1337,24.480279263021252,0.1784897752233342,0.20613879820099376,0.13509216355441883,274284
41,274284,270105,1170,1579,1430,24.436906377325478,0.19282401284404696,0.2219865355728793,0.1482830742575957,274284
42,274284,269783,1261,1690,1550,24.37688358899827,0.2193043946093276,0.24266067283214596,0.16115134356025665,274284
43,274284,269433,1339,1837,1675,24.297369118691602,0.25248152469591506,0.27499273777792255,0.17515661883455896,274284
44,274284,269066,1428,1972,1818,24.228380493748638,0.26511481962208566,0.306464007680875,0.20004067894840077,274284
45,274284,268657,1533,2131,1963,24.144431541236234,0.29737465411831765,0.3356088986358868,0.22258490600956354,274284
46,274284,268242,1655,2279,2108,24.069856632120082,0.31962488531819927,0.358472620434723,0.252045862126994,274284
47,274284,267761,1787,2483,2253,23.98055357334708,0.35736906361392795,0.39438075195614203,0.2676966110828506,274284
48,274284,267254,1944,2658,2428,23.87729535391824,0.3794351074134506,0.4431637285648113,0.3001058101034983,274284
49,274284,266665,2136,2880,2603,23.727290080771077,0.4243861992895454,0.5193678814578896,0.32895583848148935,274284
50,274284,266074,2312,3110,2788,23.599787482372793,0.4543509760563187,0.5783960695262171,0.3674654720446716,274284
51,274284,265404,2551,3314,3015,23.458472316192083,0.515164920774097,0.6135582176609378,0.41280454537288225,274284
52,274284,264657,2799,3571,3257,23.30310460371987,0.5665831219202224,0.6661662440819482,0.4641460302779579,274284
53,274284,263878,3039,3831,3536,23.128204236988957,0.6142732553347984,0.7431979171969391,0.5143245904793071,274284
54,274284,263054,3256,4154,3820,22.95078602602245,0.6710957964108569,0.803183370717685,0.5749348068490097,274284
55,274284,262183,3492,4510,4099,22.770092808328286,0.7264471874325381,0.8666645308837364,0.6367954733554387,274284
56,274284,261274,3693,4876,4441,22.56694543485134,0.784706659932657,0.9447203699848036,0.7036275352311981,274284
57,274284,260201,4047,5228,4808,22.305136939505147,0.8740461210768293,1.0223019627211902,0.7985149766968347,274284
58,274284,259109,4331,5652,5192,22.09301667863897,0.9217325106235418,1.1118259053293011,0.8734249054081858,274284
59,274284,257964,4574,6146,5600,21.86399270735082,0.9803660864414232,1.20399774382036,0.9516434623873964,274284
60,274284,256673,4948,6657,6006,21.623437798780433,1.0339962750552247,1.3128618895001576,1.0297040366641832,274284
61,274284,255326,5292,7187,6479,21.337965122270703,1.102011306033843,1.466255034035793,1.09376853765966,274284
62,274284,253898,5672,7711,7003,21.045918209334765,1.167273249587275,1.5880458094691083,1.1987627316088512,274284
63,274284,252401,6050,8296,7537,20.715773832378197,1.2433926836808296,1.7154190919462275,1.3254143919947448,274284
64,274284,250797,6431,8934,8122,20.384087043037045,1.292809717047991,1.872465849211012,1.4506373907039511,274284
65,274284,249102,6894,9547,8741,20.043260056864433,1.4063048882225853,1.9683734785604436,1.5820615763525383,274284
66,274284,247374,7198,10333,9379,19.705909418884747,1.4406960377008189,2.152084460947643,1.7013100824667897,274284
67,274284,245511,7616,11002,10155,19.325330811785523,1.5175477028443505,2.289970780981718,1.867150704388407,274284
68,274284,243567,8036,11754,10927,18.966006091097167,1.5730031565044023,2.456509921149091,2.0044808312493405,274284
69,274284,241615,8431,12497,11741,18.63990700874126,1.6210656167509734,2.559496445582803,2.1795309289249634,274284
70,274284,239584,8781,13279,12640,18.27141050491244,1.6760589616380819,2.669838110858543,2.382692422590937,274284
71,274284,237435,9155,14096,13598,17.869475695381308,1.7275766867111577,2.832063881046601,2.5708837368609325,274284
72,274284,235281,9475,14934,14594,17.496178290631914,1.7746872113913716,2.9720895652532295,2.757044932723485,274284
73,274284,233070,9803,15800,15611,17.06828837877315,1.8324744830032231,3.113840792832601,2.9853963453910257,274284
74,274284,230825,10025,16675,16759,16.675835760371204,1.8453710491002553,3.2487993983185413,3.2299937922100006,274284
75,274284,228453,10381,17487,17963,16.287769559903385,1.8397495063901048,3.4143500470227983,3.4581308866837124,274284
76,274284,226130,10658,18302,19194,15.918308118511407,1.8845646516414623,3.4923619675257553,3.704765262321376,274284
77,274284,223847,10873,19089,20475,15.54204620514972,1.9022636114965579,3.6329351620500625,3.9227550213036593,274284
78,274284,221476,11090,19908,21810,15.168191108125264,1.9016138149902106,3.768832569538889,4.161362507345636,274284
79,274284,219248,11040,20706,23290,14.812277761445205,1.8594295053246845,3.8902355329734264,4.438057200256684,274284
80,274284,216954,11148,21420,24762,14.476004504573345,1.8073627982840417,4.009664179700583,4.70696851744203,274284
81,274284,214636,11223,22118,26307,14.102085287543579,1.798892689882899,4.103259024392738,4.995762998180784,274284
82,274284,212455,11212,22760,27857,13.790489978856767,1.7603506867777603,4.176708675448287,5.272450658917186,274284
83,274284,210231,11241,23291,29521,13.459229633751105,1.7738612370251952,4.187353403180205,5.579555726043496,274284
84,274284,208195,11058,23824,31207,13.157740596044926,1.7205139515105807,4.2557825641105955,5.8659628883338994,274284
85,274284,206122,10902,24336,32924,12.862329322863369,1.6565641385028838,4.3178255776948955,6.163280960938852,274284
86,274284,204108,10810,24693,34673,12.585966787201773,1.6288708976069988,4.3129999383695985,6.472162376821629,274284
87,274284,202199,10518,25178,36389,12.30154125925735,1.5718415012129554,4.353822555994926,6.772794683534769,274284
88,274284,200247,10398,25426,38213,12.036689810595163,1.5392698596572563,4.34983648716143,7.074203842586151,274284
89,274284,198360,10215,25716,39993,11.792619923484649,1.4704081484078264,4.3283361506638975,7.408635777443626,274284
90,274284,196491,10063,25924,41806,11.52247664647577,1.4263935535200187,4.318834644448034,7.7322951555561765,274284
91,274284,194691,9849,26114,43630,11.268576502879734,1.3815552668221938,4.28620302348162,8.063665206816452,274284
92,274284,192864,9740,26227,45453,11.043076918510847,1.3588722903173465,4.2432599415038945,8.354790849667912,274284
93,274284,191123,9611,26243,47307,10.8425496394469,1.3000472092812962,4.200607039710716,8.656796111561087,274284
94,274284,189412,9365,26341,49166,10.636278655508129,1.2361371573959423,4.195649686570702,8.931934500525227,274284
95,274284,187709,9150,26410,51015,10.461872595134727,1.1678458861130288,4.16023392602203,9.210047592730215,274284
96,274284,185957,9059,26389,52879,10.275808290602745,1.1425163859340244,4.073024208879152,9.508651114584078,274284
97,274284,184239,8957,26395,54693,10.114553320223326,1.0935004787071436,3.9958149291141027,9.796131271955428,274284
98,274284,182467,8960,26296,56561,9.933510019330472,1.042665200428232,3.9428407467909765,10.08098403345032,274284
99,274284,180767,8901,26153,58463,9.752838921019844,1.02922488039645,3.88713704963594,10.330799148947765,274284
100,274284,179023,8836,26112,60313,9.586269794187606,0.9990115473593116,3.805519940496273,10.60919871795681,274284
101,274284,175310,10826,26010,62138,10.531245029895711,1.0280994494860973,3.475075120711305,9.965580399906887,274284
102,274284,171308,12698,26409,63869,11.164034702885544,1.1189711826298656,3.284681920897868,9.432312193586723,274284
103,274284,167038,14468,27156,65622,11.556372928280823,1.2153208355646437,3.155777064619164,9.072529171535368,274284
104,274284,162630,16025,28132,67497,11.748662287285777,1.3502171939279684,3.0979332939084934,8.80318722487776,274284
105,274284,158000,17585,29308,69391,11.861973680507013,1.430528699925448,3.112598012997799,8.594899606569738,274284
106,274284,153237,18846,30740,71461,11.827517474835476,1.566262754326017,3.1174459300612543,8.488773840777252,274284
107,274284,148343,20015,32340,73586,11.684730346319194,1.6886880547563718,3.194230610487549,8.432350988436886,274284
108,274284,143270,21302,33892,75820,11.465301602038442,1.7854152951757105,3.308587540229701,8.440695562556147,274284
109,274284,138258,22120,35807,78099,11.22748605191324,1.8736274697084512,3.4023177238251305,8.496568754553177,274284
110,274284,133055,23035,37611,80583,10.975225660115386,1.915552213193359,3.539089016696431,8.570133109994824,274284
111,274284,127718,24022,39323,83221,10.60823383221452,2.046057150562661,3.64279496025802,8.7029140569648,274284
112,274284,122361,24722,41207,85994,10.377767445601647,2.0479263739518765,3.783271307423349,8.791034873023127,274284
113,274284,117027,25213,43167,88877,9.987016773842944,2.1574985438074283,3.9318773411663903,8.923607341183239,274284
114,274284,111718,25592,45044,91930,9.598056247932572,2.2168862472497257,4.060620870612529,9.124436634205173,274284
115,274284,106424,25984,46827,95049,9.235402634924348,2.2366264460504617,4.227792908430783,9.300178010594408,274284
116,274284,101006,26222,48844,98212,8.833488187557624,2.2949449028542253,4.431895795602344,9.439671113985808,274284
117,274284,95867,26282,50582,101553,8.477321362598254,2.2358336438759947,4.575843260553016,9.711001732972736,274284
118,274284,90827,26245,52272,104940,8.099370624875393,2.274704529451217,4.663696991052718,9.962227854620672,274284
119,274284,85627,26398,53651,108608,7.6100848821450615,2.2512160029483446,4.812079145363595,10.326619969543,274284
120,274284,80793,26168,55121,112202,7.224256993046304,2.295696915107351,4.917130503369082,10.562915588477264,274284
121,274284,75980,25913,56333,116058,6.786075328174503,2.2976130370467414,5.006578050084405,10.90973358469435,274284
122,274284,71524,25481,57358,119921,6.38320537716285,2.282942433375829,5.083172163072298,11.250680026389023,274284
123,274284,67314,24743,58288,123939,6.0425956121163855,2.182507731965398,5.158804344903871,11.616092311014345,274284
124,274284,63097,24046,59124,128017,5.703626754173609,2.118141823690287,5.265939903324223,11.91229151881188,274284
125,274284,59244,23331,59673,132036,5.279527451853431,2.086661847350443,5.337019200080905,12.296791500715221,274284
126,274284,55603,22460,60094,136127,4.968227019461711,2.0040750884456084,5.390402129250336,12.637295762842346,274284
127,274284,52164,21603,60326,140191,4.652809013909102,1.9856610785358,5.470455839132185,12.891074068422913,274284
128,274284,48860,20781,60445,144198,4.350767226958869,1.8924442244376283,5.485889987348808,13.270898561254695,274284
129,274284,45858,19914,60126,148386,4.085726566639698,1.7860790044665762,5.455450285276136,13.672744143617589,274284
130,274284,43094,19083,59699,152408,3.8364818558609617,1.7373599594140026,5.450238099407443,13.975920085317593,274284
131,274284,40523,18154,59224,156383,3.6045258019786455,1.6903312383131157,5.38565583291001,14.31948712679823,274284
132,274284,38081,17228,58663,160312,3.4569521471964255,1.5711093671667007,5.334259139867263,14.63767934576961,274284
133,274284,35863,16208,57909,164304,3.2428112125701154,1.477627022560728,5.227552044707566,15.05200972016159,274284
134,274284,33901,15201,56920,168262,2.9989770772254984,1.3970220538446159,5.154541883310917,15.44945898561897,274284
135,274284,32031,14196,56038,172019,2.85861915375024,1.2736040269098057,5.119734466245415,15.748042353094538,274284
136,274284,30274,13419,54816,175775,2.6795353204995607,1.2042492521818928,5.030743581545205,16.08547184577334,274284
137,274284,28621,12654,53546,179463,2.559669394133304,1.159210323181577,4.89653017777942,16.384590104905698,274284
138,274284,27206,11831,52221,183026,2.423030321777806,1.0567966806869191,4.776083697194033,16.74408930034124,274284
139,274284,25884,11038,50775,186587,2.3126484709273063,0.9681870225688364,4.702312651498103,17.016851855005754,274284
140,274284,24649,10346,49226,190063,2.1429557861207065,0.9377341914396522,4.600794140105481,17.31851588233416,274284
141,274284,23587,9647,47749,193301,2.0487011038656653,0.8716543175144305,4.459484243853131,17.620160334766773,274284
142,274284,22594,9018,46190,196482,1.9243959615524582,0.7915343373122019,4.302043975725246,17.982025725410093,274284
143,274284,21668,8446,44658,199512,1.845489714818324,0.7637361161123948,4.084797504058424,18.305976665010856,274284
144,274284,20786,7839,43234,202425,1.8112865667433722,0.6654656017417769,3.9569943734937687,18.566253458021084,274284
145,274284,20054,7307,41678,205245,1.7320591348663263,0.6106637880787709,3.816449285225399,18.840827791829504,274284
146,274284,19332,6763,40220,207969,1.6372329181613756,0.5711181589018621,3.676556435370483,19.11509248756628,274284
147,274284,18804,6234,38696,210550,1.596808541686541,0.519868609757683,3.5594239599615367,19.32389888859424,274284
148,274284,18162,5795,37112,213215,1.564441828642022,0.47703957450988693,3.405490733440331,19.55302786340776,274284
149,274284,17700,5326,35664,215594,1.4860255332055292,0.45987080524518437,3.2489586320090718,19.805145029540213,274284
150,274284,17300,5025,34125,217834,1.442447683367408,0.4102037453756119,3.1287382870362452,20.018610284220735,274284
151,274284,16902,4766,32573,220043,1.3804414304516026,0.395222117881922,2.9594297902295343,20.264906661436942,274284
152,274284,16561,4409,31173,222141,1.334740439972615,0.35898886397827384,2.825840207436053,20.48043048861306,274284
153,274284,16211,4054,29814,224205,1.336757443124164,0.324226653790196,2.7340139293377392,20.6050019737479,274284
154,274284,15931,3799,28472,226082,1.3129893411143312,0.3207317426659564,2.601531301546413,20.7647476146733,274284
155,274284,15683,3549,27141,227911,1.3125072054410305,0.29301896454743914,2.463217521952418,20.931256308059112,274284
156,274284,15465,3359,25847,229613,1.3045935055291453,0.269200322795981,2.367649849423495,21.058556322251377,274284
157,274284,15310,3150,24654,231170,1.2844555394355244,0.27770031655726385,2.3097963865027054,21.128047757504508,274284
158,274284,15237,2940,23565,232542,1.3101736230609575,0.25280673637713513,2.2192999839470002,21.217719656614907,274284
159,274284,15089,2792,22487,233916,1.2606788666200663,0.24271778968459207,2.12341028009151,21.373193063603832,274284
160,274284,14918,2638,21476,235252,1.272745416926004,0.2318724911091001,2.0028282685413124,21.492553823423584,274284
161,274284,14777,2466,20467,236574,1.2594993599074324,0.19843361469293155,1.9119108970906737,21.63015612830896,274284
162,274284,14699,2334,19514,237737,1.2302557541862764,0.19555793056614434,1.8509549186860097,21.72323139656157,274284
163,274284,14665,2205,18568,238846,1.2366735633315584,0.19517950124313815,1.7433023386995148,21.82484459672579,274284
164,274284,14664,2128,17648,239844,1.2329291891044103,0.18747328304760713,1.6684301304766962,21.911167397371287,274284
165,274284,14634,2012,16778,240860,1.2263103777752657,0.17841250233393943,1.5836904434469663,22.01158667644383,274284
166,274284,14608,1856,16012,241808,1.206978402266875,0.15288819054183755,1.5080331107650977,22.132100296426188,274284
167,274284,14642,1777,15201,242664,1.2130133659071305,0.1482197490837148,1.3713560135543563,22.2674108714548,274284
168,274284,14642,1650,14508,243484,1.2095838384551558,0.1467878290784016,1.297398194467388,22.346230137999054,274284
169,274284,14671,1575,13774,244264,1.2245789539812661,0.15156175213142223,1.224070588906183,22.39978870498113,274284
170,274284,14704,1497,13060,245023,1.2135610083880475,0.1535317622815132,1.1207247554613242,22.512182473869114,274284
171,274284,14735,1452,12384,245713,1.2040253155746214,0.13318447386408744,1.0748144753582074,22.587975735203084,274284
172,274284,14816,1383,11834,246251,1.1996374039760467,0.11776651029447947,1.024910976795517,22.657685108933958,274284
173,274284,14930,1329,11247,246778,1.2058126786364056,0.10023705566635246,0.9800157677950011,22.71393449790224,274284
174,274284,14944,1259,10716,247365,1.2061548164689486,0.1057265118085892,0.9251790780171145,22.762939593705347,274284
175,274284,14938,1237,10148,247961,1.2043299311464701,0.09628828729287355,0.893481693615382,22.805900087945275,274284
176,274284,15078,1217,9605,248384,1.2083535945961548,0.0942986471045925,0.8340374450966481,22.863310313202604,274284
177,274284,15223,1149,9144,248768,1.2310243855496514,0.0963709119638509,0.8029092120384407,22.869695490448056,274284
178,274284,15401,1109,8713,249061,1.2246604786549562,0.09170974996362051,0.7721636946323667,22.911466076749058,274284
179,274284,15483,1060,8290,249451,1.2479607930017327,0.09120008552812127,0.7366889983151582,22.924150123154988,274284
180,274284,15589,1044,7888,249763,1.265681599023863,0.08985813196190982,0.6779347100319311,22.966525558982298,274284
181,274284,15637,1002,7579,250066,1.2654271923755795,0.09423096782132082,0.6618393628211962,22.978502476981905,274284
182,274284,15669,971,7250,250394,1.28469727145755,0.08514147640309899,0.604499878226618,23.025661373912733,274284
183,274284,15784,930,6924,250646,1.2840147767112675,0.08405715111692255,0.5959533795156949,23.035974692656115,274284
184,274284,15842,891,6632,250919,1.2893349404709054,0.0721909290603237,0.5756909884475967,23.062783142021175,274284
185,274284,15931,850,6340,251163,1.3142882165864398,0.07345570858664668,0.5580314454691803,23.054224629357734,274284
186,274284,16051,813,6042,251378,1.3091574023819572,0.06576827118358305,0.531161439718801,23.09391288671566,274284
187,274284,16107,795,5756,251626,1.3568128979999778,0.06823311661654154,0.5135893458942782,23.061364639489202,274284
188,274284,16275,766,5484,251759,1.3964613304812457,0.05118930112437408,0.49911435047633496,23.053235017918045,274284
189,274284,16416,708,5298,251862,1.3973801227852984,0.04788611949744952,0.49852390687791326,23.056209850839338,274284
190,274284,16592,678,5073,251941,1.3976369204696741,0.04397266280058632,0.47686172146830824,23.081528695261433,274284
191,274284,16787,650,4828,252019,1.3740540191345392,0.04394727250810238,0.43502453163617383,23.146974176721184,274284
192,274284,16996,623,4581,252084,1.375790652455241,0.04161689006708991,0.4146569438410643,23.167935513636603,274284
193,274284,17235,600,4443,252006,1.423311718638022,0.0372227376433735,0.4156251783713405,23.123840365347263,274284
194,274284,17475,574,4281,251954,1.4447475121067845,0.03992929537378654,0.4035508406987168,23.11177235182071,274284
195,274284,17614,568,4080,252022,1.4710169434020377,0.04314724487178871,0.37559267964519594,23.110243132080978,274284
196,274284,17744,554,3891,252095,1.480174446173522,0.0374639315802039,0.34622519024163945,23.136136432004633,274284
197,274284,18001,556,3722,252005,1.4979937798273404,0.03392606474447625,0.33629738329669934,23.131782772131483,274284
198,274284,18195,542,3544,252003,1.5063335529234505,0.036738251717149305,0.3203126253708258,23.136615569988574,274284
199,274284,18405,522,3419,251938,1.5159270842529027,0.03423073242352814,0.30632253942506615,23.143519643898504,274284
200,274284,18504,493,3300,251987,1.514756196900995,0.032025701893165046,0.27814840543637154,23.17506969576947,274284
201,274284,18703,514,3159,251908,1.5519933411725664,0.03644792027604824,0.2672851995479046,23.144273539003482,274284
202,274284,18958,524,3049,251753,1.5549429590794508,0.03418450212445466,0.2625142859829643,23.14835825281313,274284
203,274284,19122,487,2931,251744,1.5740925449729573,0.02965774161395626,0.24983072616626809,23.14641898724682,274284
204,274284,19348,478,2834,251624,1.603596002784125,0.03037174345939629,0.24077148717407246,23.125260766582407,274284
205,274284,19505,466,2740,251573,1.6039765995131419,0.03102262138185451,0.23287419775731805,23.132126581347684,274284
206,274284,19737,441,2681,251425,1.6464592012471382,0.030608714481472475,0.23549084944213625,23.087441234829253,274284
207,274284,19988,440,2593,251263,1.6492708032007957,0.029795399068050413,0.2237602500182322,23.09717354771292,274284
208,274284,20259,440,2495,251090,1.6487247352111307,0.03511676321320767,0.20603427078238798,23.110124230793275,274284
209,274284,20434,440,2423,250987,1.6129279633099225,0.026766885333317076,0.19747836901214919,23.16282678234461,274284
210,274284,20660,419,2351,250854,1.6465506050062315,0.02934378133756359,0.18121308414207918,23.142892529514125,274284
211,274284,20855,414,2286,250729,1.654485073248341,0.029555987000196092,0.18113194553285364,23.13482699421861,274284
212,274284,21064,397,2232,250591,1.6601358711442853,0.023193670101536057,0.18463377953354,23.13203667922064,274284
213,274284,21227,376,2189,250492,1.6819636117858707,0.02716200830243848,0.18052674057289592,23.110347639338794,274284
214,274284,21356,359,2107,250462,1.7246000192682123,0.03145960623766619,0.170927286246556,23.073013088247567,274284
215,274284,21629,348,2044,250263,1.755202152799478,0.027157961531162185,0.1694203307350213,23.048219554934338,274284
216,274284,21760,337,1976,250211,1.779346623759447,0.026906672223584897,0.16251041037407596,23.03123629364289,274284
217,274284,21932,350,1887,250115,1.7828354063929563,0.023482318156596203,0.15399810768275227,23.039684167767696,274284
218,274284,22207,353,1810,249914,1.8237057538126882,0.023580355161785634,0.14136951818365948,23.011344372841865,274284
219,274284,22321,343,1765,249855,1.8240117784409469,0.022417148858850936,0.14075104710933622,23.012820025590866,274284
220,274284,22468,330,1723,249763,1.8565158240963766,0.018464317499030908,0.1536528168532629,22.97136704155133,274284
221,274284,22678,326,1661,249619,1.8692178454842547,0.022107020534044366,0.1535985280286559,22.955076605953046,274284
222,274284,22947,322,1614,249401,1.913954028009221,0.017638698032846362,0.1392622937901652,22.929144980167766,274284
223,274284,23090,330,1572,249292,1.9562777752599256,0.025328765963051756,0.14228672435603096,22.87610673442099,274284
224,274284,23263,338,1525,249158,1.999116865160109,0.019341707715166835,0.13230801095642403,22.8492334161683,274284
225,274284,23522,337,1485,248940,2.0044579104645828,0.017535181454304254,0.1285922254313207,22.84941468264979,274284
226,274284,23727,327,1459,248771,2.021493337596192,0.022348900989874083,0.12156404855196687,22.834593712861967,274284
227,274284,23973,337,1414,248560,2.0480652158903796,0.02338723936793703,0.11326395913319387,22.81528358560849,274284
228,274284,24216,318,1425,248325,2.039222610902057,0.019450029628406907,0.11688742279690853,22.82443993667263,274284
229,274284,24348,328,1386,248222,2.093554697993238,0.021822185067214426,0.11111647551171178,22.773506641427836,274284
230,274284,24506,320,1365,248093,2.091730094605781,0.022925050837207344,0.11000189756577745,22.775342956991235,274284
231,274284,24633,315,1332,248004,2.14710898987112,0.023684541317640112,0.10590920091474022,22.7232972678965,274284
232,274284,24921,289,1326,247748,2.1352729521497027,0.02412538191053319,0.10188269220566734,22.7387189737341,274284
233,274284,25124,301,1285,247574,2.1391571286954716,0.018960866401688044,0.09570422062031368,22.746177784282526,274284
234,274284,25345,296,1260,247383,2.159808012244666,0.015180254855964907,0.09698486046915133,22.728026872430217,274284
235,274284,25583,289,1236,247176,2.14212321416367,0.019290821911653922,0.0854338733189081,22.753152090605766,274284
236,274284,25815,283,1217,246969,2.1739846344054636,0.011739373347922423,0.09110003843510288,22.723175953811513,274284
237,274284,25969,281,1178,246856,2.1531137028413188,0.01595873801765761,0.09225142307818333,22.73867613606284,274284
238,274284,26191,286,1150,246657,2.1788303790833368,0.013059499173954249,0.09027369257189731,22.717836429170813,274284
239,274284,26342,299,1112,246531,2.208529659490597,0.014072085288128507,0.08317997301123434,22.69421828221004,274284
240,274284,26614,291,1094,246285,2.245242361726301,0.017184952462033814,0.07873385779362195,22.65883882801804,274284
241,274284,26851,290,1072,246071,2.2704632469721013,0.02175221667041439,0.07469937136187985,22.633085164995606,274284
242,274284,27007,287,1053,245937,2.2861263495654542,0.016333744399682052,0.0796729491260324,22.61786695690883,274284
243,274284,27245,290,1048,245701,2.2869871351605986,0.01600151670528908,0.07391186121084273,22.62309948692327,274284
244,274284,27431,283,1051,245519,2.2987680691617114,0.016263939027305215,0.0753401901003091,22.609627801710673,274284
245,274284,27613,296,1033,245342,2.2960635303151595,0.025654480303218666,0.07898656726633209,22.59929542211529,274284
246,274284,27784,282,1033,245185,2.3087318842577536,0.024070097544094386,0.08540054451722559,22.581797473680925,274284
247,274284,27937,283,996,245068,2.3365841754411703,0.02285049354602255,0.08700350471508665,22.55356182629772,274284
248,274284,28157,287,1012,244828,2.3796318113041797,0.02169161118636216,0.08365826802921776,22.51501830948024,274284
249,274284,28365,267,1001,244651,2.4362865875187008,0.014629704183843684,0.08524210588223317,22.463841602415222,274284
250,274284,28498,270,984,244532,2.4647161246448803,0.014862400566592968,0.07667428982979603,22.44374718495873,274284
251,274284,28794,277,975,244238,2.48328815201872,0.02086343399687385,0.07575259900454553,22.42009581497986,274284
252,274284,28991,263,977,244053,2.447361558168774,0.019551056212133253,0.07990204149371255,22.45318534412538,274284
253,274284,29158,249,956,243921,2.429019134506586,0.01779032944763191,0.07190096747083799,22.481289568574944,274284
254,274284,29279,259,932,243814,2.468569354544061,0.01615264135757204,0.06925918553399504,22.446018818564372,274284
255,274284,29545,288,912,243539,2.4966362240045847,0.01762625879928607,0.06811628500991135,22.417621232186217,274284
256,274284,29820,280,917,243267,2.5148226371923217,0.017907155809900814,0.07302518248337118,22.394245024514404,274284
257,274284,29974,266,935,243109,2.5659696051903005,0.01634524581817854,0.06847565741221334,22.34920949157931,274284
258,274284,30217,259,928,242880,2.569559645903797,0.014894144153418134,0.06907133133269144,22.346474878610092,274284
259,274284,30406,260,921,242697,2.609220105311547,0.013077626128993203,0.06338186376633112,22.31432040479313,274284
260,274284,30628,263,916,242477,2.5922690885608755,0.017375198761912285,0.06527466590264008,22.32508104677457,274284
261,274284,30770,272,896,242346,2.608019579767432,0.022840434573367565,0.06064389599421913,22.30849608966498,274284
262,274284,30898,274,882,242230,2.6408997072754,0.0186866158571824,0.06210732576045069,22.278306351106966,274284
263,274284,31165,272,882,241965,2.664733975688848,0.015289688309474787,0.05888578956571175,22.261090546435966,274284
264,274284,31360,293,868,241763,2.6832340217528734,0.01700562584484882,0.05850273041430339,22.241257621987973,274284
265,274284,31635,298,867,241484,2.7061382837711734,0.020553941002682322,0.06357594327274442,22.2097318319534,274284
266,274284,31785,278,884,241337,2.72420435298049,0.014404691061076629,0.0679588466069848,22.19343210935145,274284
267,274284,32030,276,875,241103,2.8028734100726655,0.015087966965467915,0.06782015449327611,22.11421846846859,274284
268,274284,32242,278,881,240883,2.776002988818748,0.018107739808479392,0.07123271665247605,22.134656554720298,274284
269,274284,32443,273,880,240688,2.7831653960537905,0.017192014232121855,0.06953926270749869,22.13010332700659,274284
270,274284,32672,278,883,240451,2.8197963295053707,0.019081016981099597,0.0683316741089108,22.09279097940462,274284
271,274284,32941,282,882,240179,2.8623225948662507,0.01931611267556599,0.07253945758543151,22.04582183487275,274284
272,274284,33127,299,875,239983,2.8664484486396273,0.016612982989962364,0.07272340907487207,22.04421515929554,274284
273,274284,33342,288,877,239777,2.9154927776197708,0.01826699707788613,0.062414151650023245,22.00382607365232,274284
274,274284,33599,295,876,239514,2.928760760059521,0.019844993141465816,0.06064967556435436,21.990744571234657,274284
275,274284,33794,305,868,239317,2.9185830200872984,0.01922609941332374,0.06007815602489358,22.002112724474486,274284
276,274284,33955,298,862,239169,2.927225601776643,0.017401264147903085,0.06552366490298,21.989849469172473,274284
277,274284,34106,291,863,239024,2.95501146311713,0.014958273006993181,0.0674406711293719,21.962589592746504,274284
278,274284,34255,276,876,238877,3.00327214054664,0.014283476251275167,0.0677538170951282,21.914690566106955,274284
279,274284,34400,285,858,238741,3.0652254320723245,0.012588347440868232,0.06189566362527328,21.860290556861536,274284
280,274284,34614,283,859,238528,3.0922007303820447,0.01402997636671135,0.06696472954079051,21.826804563710454,274284
281,274284,34799,281,861,238343,3.1083611215513782,0.01690896372714219,0.07202274161209267,21.802707173109386,274284
282,274284,35062,285,865,238072,3.1388417560809527,0.012336597053479554,0.0678390440796218,21.780982602785947,274284
283,274284,35187,271,883,237943,3.151191354297991,0.017198067186454065,0.062471442435093845,21.76913913608046,274284
284,274284,35318,279,857,237830,3.1336233852855715,0.015061936221528368,0.06573853397009884,21.7855761445228,274284
285,274284,35574,292,846,237572,3.1957991975725353,0.0116963934034795,0.06972802309642956,21.722776385927556,274284
286,274284,35703,280,852,237449,3.2212931382532135,0.01575655974093926,0.06538997297789209,21.697560329027954,274284
287,274284,35938,298,842,237206,3.2049060271037275,0.01585124396900601,0.06826027108284295,21.710982457844423,274284
288,274284,36127,293,831,237033,3.209213521745703,0.01485170907543906,0.0630908392398445,21.712843929939012,274284
289,274284,36308,280,848,236848,3.2352711184979874,0.016515950224355,0.0628605937987977,21.68535233747886,274284
290,274284,36558,274,864,236588,3.253858633270842,0.02046505225592196,0.06641647932746503,21.65925983514577,274284
291,274284,36725,273,854,236432,3.261490359163508,0.0214116880712305,0.06102783278661546,21.656070119978647,274284
292,274284,36925,268,869,236222,3.278453949252026,0.022275320566454627,0.06447708687808794,21.634793643303432,274284
293,274284,37152,276,867,235989,3.3142030883579827,0.024177280899767586,0.06899094234574622,21.592628688396502,274284
294,274284,37420,291,846,235727,3.314609846592366,0.022690111530808073,0.06230127842065517,21.60039876345617,274284
295,274284,37648,271,854,235511,3.3351828614497245,0.02019282300807115,0.0707368248856777,21.573887490656528,274284
296,274284,37802,290,833,235359,3.3644627858616323,0.021118755319689073,0.07016592386954973,21.544252534949127,274284
297,274284,38026,297,836,235125,3.403758125767575,0.019339273365423675,0.0757716047656535,21.50113099610135,274284
298,274284,38161,276,854,234993,3.3574610605651807,0.021635081374617962,0.07184011800239114,21.54906374005781,274284
299,274284,38364,289,853,234778,3.3564526711760485,0.0264717053311561,0.07017130850654112,21.546904314986254,274284
300,274284,38592,307,875,234510,3.3905257462474996,0.025834056647526547,0.07062961470370634,21.513010582401268,274284
301,274284,38770,302,882,234330,3.4417522340576636,0.02146581632624411,0.0673712902270914,21.469410659389002,274284
302,274284,38898,290,891,234205,3.4574206338965756,0.016630392526413133,0.06685883702162604,21.459090136555385,274284
303,274284,39123,285,899,233977,3.502373939911065,0.017791388344100077,0.0668488556831421,21.412985816061692,274284
304,274284,39290,281,906,233807,3.491354770505576,0.02018086029428185,0.06172874156916726,21.426735627630976,274284
305,274284,39487,275,907,233615,3.5385010254508904,0.0145166635615703,0.06242528496001663,21.384557026027522,274284
306,274284,39614,283,903,233484,3.574781038982405,0.01844625448743532,0.05957118440348528,21.347201522126674,274284
307,274284,39848,292,905,233239,3.5902969647966305,0.01845831447280574,0.06521954650699446,21.32602517422357,274284
308,274284,40073,320,896,232995,3.5922927969484664,0.018130417934931174,0.06119706226515208,21.32837972285145,274284
309,274284,40248,311,907,232818,3.5775360685168907,0.016391890596447405,0.06066125981331098,21.34541078107335,274284
310,274284,40368,307,908,232701,3.5462229745073803,0.016031829941631756,0.07334001229688072,21.364405183254107,274284
311,274284,40512,320,913,232539,3.5771702374383456,0.016035214686234096,0.07458560582259283,21.332208942052826,274284
312,274284,40673,305,928,232378,3.602286750482783,0.014649567944126465,0.07068631852282924,21.312377363050263,274284
313,274284,40848,302,934,232200,3.632929168920909,0.015500221120754908,0.07038723532682929,21.281183374631507,274284
314,274284,41035,325,923,232001,3.6530697102270455,0.018813299848015677,0.0634388322797547,21.264678157645186,274284
315,274284,41155,330,921,231878,3.6734653197121734,0.01983431777808605,0.06583708278710912,21.24086327972263,274284
316,274284,41324,320,928,231712,3.666533756158018,0.016677274401277458,0.07282885807328225,21.24396011136742,274284
317,274284,41520,327,940,231497,3.659018417720355,0.022704860218695805,0.0699035904809746,21.248373131579974,274284
318,274284,41652,326,955,231351,3.6991049412885486,0.021585356039027052,0.06894933878744484,21.21036036388498,274284
319,274284,41822,321,964,231177,3.710623870936936,0.019201617843757724,0.06823212599953175,21.201942385219773,274284
320,274284,42062,339,965,230918,3.724910805477162,0.02163025907044452,0.07389049917777762,21.179568436274614,274284
321,274284,42219,318,960,230787,3.768311510218862,0.014804064452837808,0.07914463772613008,21.13773978760217,274284
322,274284,42359,327,948,230650,3.7643924401423057,0.017015910551408962,0.08026388030285235,21.138327769003432,274284
323,274284,42558,314,978,230434,3.782215027293286,0.022337646641269714,0.08372995514476084,21.111717370920683,274284
324,274284,42782,320,983,230199,3.7363997122918424,0.02098405805377955,0.08259888287850176,21.160017346775877,274284
325,274284,42901,329,988,230066,3.742291957338035,0.02131897004677362,0.08137000277813569,21.155019069837056,274284
326,274284,43047,321,984,229932,3.7793088896591014,0.02364357988289906,0.085264094072749,21.11178343638525,274284
327,274284,43254,351,984,229695,3.775911050152354,0.02152009284086055,0.08701308359819081,21.115555773408595,274284
328,274284,43433,352,977,229522,3.793364297380521,0.019105296435953045,0.08478803003629684,21.10274237614723,274284
329,274284,43664,354,991,229275,3.83277729472621,0.020412263246469338,0.08633649907496621,21.060473942952353,274284
330,274284,43782,337,999,229166,3.870437573671425,0.01924046759743878,0.0785881654313281,21.031733793299807,274284
331,274284,43986,338,988,228972,3.883099995087711,0.02245182949341021,0.07936998042892748,21.01507819498995,274284
332,274284,44186,333,997,228768,3.9360767987703897,0.023322391127919666,0.07245905866315933,20.96814175143853,274284
333,274284,44315,327,1005,228637,3.9743822916393428,0.02151796814508794,0.07239385323627757,20.93170588697929,274284
334,274284,44516,339,1020,228409,3.994546444292517,0.0230199570756597,0.07807077795679386,20.90436282067503,274284
335,274284,44619,332,1034,228299,3.9686446828350443,0.026674971418838934,0.08510863663708775,20.91957170910903,274284
336,274284,44823,330,1039,228092,3.9634794821550283,0.02748038596623713,0.08158921879393528,20.9274509130848,274284
337,274284,45043,344,1030,227867,3.9460129554469505,0.025839499335630133,0.0734159953984442,20.954731549818977,274284
338,274284,45252,341,1047,227644,3.9901661359955165,0.024339073327823712,0.0769284328087857,20.908566357867873,274284
339,274284,45387,339,1038,227520,4.029959407014099,0.026661857512765508,0.07797122084652743,20.865407514626607,274284
340,274284,45502,352,1034,227396,4.0661885907860205,0.026534592279713633,0.08085067346810568,20.82642614346616,274284
341,274284,45652,369,1034,227229,4.080225726209571,0.03163347384694659,0.07439554942578296,20.813745250517698,274284
342,274284,45761,368,1030,227125,4.117737787330684,0.029725242391463343,0.07600896865214316,20.77652800162571,274284
343,274284,45942,383,1019,226940,4.11762181427158,0.03086927639420144,0.0783005103386645,20.773208398995553,274284
344,274284,46126,382,1029,226747,4.155828041645336,0.02543738242109064,0.0836803660190267,20.735054209914548,274284
345,274284,46348,402,1028,226506,4.137333979547361,0.025076115730282518,0.08964662164747192,20.747943283074886,274284
346,274284,46546,418,1030,226290,4.166698125871584,0.030459605168005565,0.08512096673394262,20.71772130222647,274284
347,274284,46742,423,1032,226087,4.170408294327089,0.027754981913973114,0.08299114829246601,20.71884557546647,274284
348,274284,46898,411,1050,225925,4.157017935811965,0.017780924710001714,0.08420486441173256,20.7409962750663,274284
349,274284,47040,388,1086,225770,4.1384873541413265,0.018372559268186265,0.09744952089031517,20.745690565700173,274284
350,274284,47137,392,1074,225681,4.140809592783621,0.023877692415184833,0.09943147562601545,20.73588123917518,274284
351,274284,47375,397,1081,225431,4.176895009999657,0.02302091603686791,0.09494608679482,20.705137987168655,274284
352,274284,47466,404,1082,225332,4.167069407900777,0.023054871599147028,0.09428099411592304,20.715594726384154,274284
353,274284,47676,408,1089,225111,4.168859418980514,0.02329628541968607,0.09350413932239478,20.714340156277405,274284
354,274284,47835,419,1094,224936,4.168616662041159,0.027618306706504413,0.09422867999266421,20.709536351259672,274284
355,274284,48037,428,1118,224701,4.209544277090387,0.037036407167714634,0.0884391938239276,20.66498012191797,274284
356,274284,48170,421,1154,224539,4.20516143036958,0.034766626295579826,0.09460508963482255,20.665466853700018,274284
357,274284,48355,411,1166,224352,4.242010150267928,0.02857496163754204,0.0986137547499933,20.630801133344537,274284
358,274284,48535,410,1191,224148,4.247069696572867,0.02253574459558044,0.10663496259998896,20.623759596231565,274284
359,274284,48631,410,1189,224054,4.29799007176568,0.02292978153329675,0.1100534591201076,20.569026687580916,274284
360,274284,48731,417,1200,223936,4.291622209636432,0.03073694962077464,0.10769355822797708,20.569947282514818,274284
361,274284,48805,417,1216,223846,4.311554078967774,0.03274542636842334,0.10594444373862731,20.549756050925176,274284
362,274284,48936,422,1213,223713,4.267160615603728,0.03094924982010111,0.10934046240051054,20.59254967217566,274284
363,274284,49102,434,1207,223541,4.295712897335033,0.03007628958716823,0.11298019468581978,20.561230618391978,274284
364,274284,49310,428,1246,223300,4.339925379143956,0.03354204479501303,0.10975480675995657,20.516777769301076,274284
365,274284,49406,428,1237,223213,4.367002356629996,0.029044533998867483,0.10642637924210392,20.49752673012903,274284
