Day,S,E,I,R,Total
0,929673.0,92.0,9.0,0.0,929774.0
1,929671.7733917026,78.95720209974041,22.273682325333006,0.9957238720978605,929773.9999999998
2,929669.6296218256,68.76728186847649,32.86712111042234,2.735975195100755,929773.9999999997
3,929666.7525762841,60.82161268599896,41.3543259067885,5.071485122843329,929773.9999999999
4,929663.2867465722,54.641562420299714,48.18672684965521,7.884964157609944,929773.9999999998
5,929659.3456417784,49.8507302213154,53.71935493098753,11.084273069117167,929774.0
6,929655.0184041252,46.15311286341952,58.23143058832581,14.597052422931533,929773.9999999999
7,929650.3750117666,43.31593388482758,61.94255526856282,18.36649908005513,929774.0
8,929645.4703705374,41.1561396557362,65.02544512449052,22.34804468234999,929773.9999999999
9,929640.347531672,39.52978005583483,67.61594459290322,26.506743679223913,929773.9999999999
10,929635.0402224186,38.32365678675835,69.82090166559556,30.815219129006405,929774.0
11,929629.5748360842,37.44875569697113,71.72436090497726,35.25204731377521,929773.9999999999
12,929623.971997148,36.83508146758666,73.39243409362913,39.800487290778605,929774.0000000001
13,929618.2477919876,36.42759583352287,74.87713030117281,44.44748187771677,929774.0000000001
14,929612.4147368623,36.18302290104809,76.21936832153243,49.18287191505652,929774.0
15,929606.482538962,36.067337377409785,77.45134515844593,53.99877850196446,929773.9999999999
16,929600.45869509,36.053788630383224,78.59839925087537,58.88911702853334,929773.9999999999
17,929594.3489623149,36.1213472656576,79.6804752859509,63.84921513342214,929774.0
18,929588.1577281965,36.25348312104446,80.71327650305086,68.87551217921435,929773.9999999998
19,929581.8883018522,36.43720450224143,81.7091706605828,73.96532298484637,929773.9999999999
20,929575.5431428971,36.66230243273776,82.67790268493631,79.11665198513312,929773.9999999998
21,929569.1240414156,36.92075651273662,83.62715493031105,84.32804714125851,929774.0
22,929562.6322595344,37.20626749379706,84.56298795194822,89.59848501969465,929773.9999999998
23,929556.068642713,37.51388979023162,85.49018704390573,94.92728045285664,929774.0
24,929549.4337072611,37.8397424391518,86.41253480354509,100.31401549615487,929773.9999999999
25,929542.7277091474,38.1807818076417,87.33302547140269,105.75848357343872,929773.9999999999
26,929535.950698096,38.53462284522426,88.25403349511186,111.26064556362324,929773.9999999999
27,929529.1025601162,38.89939850671463,89.1774461003988,116.82059527661555,929774.0
28,929522.1830509307,39.273649213515455,90.10476753718588,122.43853231834836,929773.9999999998
29,929515.19182226,39.65623588722908,91.03720109805515,128.11474075446205,929773.9999999998
30,929508.1284424698,40.04627158113202,91.97571359975434,133.8495723490783,929773.9999999997
31,929500.9924127691,40.44306779783773,92.92108601628371,139.64343341651602,929773.9999999997
32,929493.7831799767,40.846092128230026,93.87395343653867,145.49677445828354,929773.9999999998
33,929486.5001465317,41.254934982774316,94.83483644825725,151.41008203711093,929773.9999999999
34,929479.1426783311,41.66928349216779,95.80416576162403,157.38387241501226,929773.9999999999
35,929471.7101108964,42.08890092161571,96.78230163380839,163.4186865481229,929774.0
36,929464.2017541961,42.513610517650086,97.769549113855,169.51508617239975,929773.9999999999
37,929456.6168964287,42.943282783013444,98.76617005511696,175.67365073311404,929774.0
38,929448.9548069832,43.37782546583035,99.77239256829863,181.89497498257035,929774.0
39,929441.2147387409,43.8171757175556,100.78841842950817,188.17966711187495,929773.9999999999
40,929433.3959298779,44.26129389909538,101.8144289342355,194.52834728870255,929774.0
41,929425.4976052626,44.710158718105525,102.850589496173,200.9416465230916,929773.9999999999
42,929417.5189775366,45.16376341275798,103.89705325935273,207.4202057912444,929773.9999999999
43,929409.4592479549,45.62211272504209,104.95396396588369,213.96467535413814,929774.0
44,929401.3176069902,46.08522065008598,106.02145809203449,220.5757142676309,929774.0
45,929393.093234885,46.55310835697321,107.09966682270023,227.25398993528668,929774.0
46,929384.7853019598,47.02580291035388,108.18871727088126,234.00017785895145,929774.0
47,929376.3929689021,47.50333605426901,109.28873363857682,240.81496140506425,929774.0000000001
48,929367.9153869364,47.985743386046664,110.39983800999221,247.6990316676767,929774.0000000001
49,929359.3516979804,48.47306356808033,111.5221511093166,254.65308734220702,929774.0
50,929350.7010347282,48.96533780187002,112.65579281029608,261.6778346596085,929773.9999999999
51,929341.962520698,49.46260935285497,113.80088260111117,268.77398734806906,929774.0
52,929333.1352702546,49.96492325876783,114.95753987102262,275.9422666156996,929774.0
53,929324.2183885976,50.4723260155756,116.12588422534006,283.1834011614793,929774.0
54,929315.2109717376,50.9848655419232,117.30603552509847,290.4981271953837,929774.0
55,929306.1121064704,51.50259072132775,118.49811434753421,297.88718846078103,929774.0000000001
56,929296.9208703438,52.02555149012901,119.7022419043085,305.35133626164406,929773.9999999999
57,929287.6363315784,52.55379860505382,120.91854028708117,312.8913295294303,929774.0
58,929278.2575489949,53.08738367766735,122.14713244563804,320.50793488172025,929773.9999999999
59,929268.7835719703,53.62635909735499,123.38814227251609,328.201926659778,929773.9999999999
60,929259.2134403149,54.170777923891215,124.64169473135925,335.974087029801,929773.9999999999
61,929249.5461842767,54.720693921085555,125.90791582266846,343.825205979408,929773.9999999999
62,929239.7808243592,55.27616145429593,127.1869327177564,351.7560814687201,929774.0
63,929229.9163713112,55.83723553522476,128.47887371569334,359.76751943780795,929774.0
64,929219.951826001,56.40397178331196,129.78386830391003,367.860333911707,929774.0
65,929209.8861793157,56.97642641842464,131.10204718281386,376.03534708289413,929773.9999999999
66,929199.7184121264,57.554656255191226,132.43354227762416,384.29338934068676,929773.9999999999
67,929189.4474950972,58.13871868964519,133.7784867846937,392.6352994283737,929773.9999999999
68,929179.0723887127,58.72867170575657,135.1370151603425,401.0619244211106,929773.9999999998
69,929168.5920430471,59.32457387170317,136.50926316455684,409.57411991639856,929773.9999999998
70,929158.0053977863,59.92648434234098,137.89536785476838,418.1727500163865,929773.9999999998
71,929147.3113820422,60.534462859028004,139.29546761803405,426.85868748056623,929773.9999999999
72,929136.5089142873,61.14856975280304,140.70970217925702,435.63281378047986,929773.9999999999
73,929125.5969022625,61.76886594594548,142.13821261555597,444.49601917585125,929773.9999999999
74,929114.5742427298,62.395412962200126,143.58114138873157,453.44920291912536,929773.9999999999
75,929103.4398217245,63.0282729175017,145.03863231098182,462.4932730468535,929773.9999999998
76,929092.1925142584,63.667508530698115,146.51083058537552,471.6291466253258,929773.9999999998
77,929080.8311838068,64.31318314202602,147.9978828758762,480.85775017511725,929773.9999999998
78,929069.3546830198,64.96536068750737,149.49993721022193,490.1800190823097,929773.9999999998
79,929057.7618528706,65.62410573487658,151.01714309066384,499.59689830370723,929773.9999999999
80,929046.0515228614,66.28948347438113,152.54965146773722,509.10934219633305,929773.9999999998
81,929034.2225111922,66.96155971198193,154.09761471795363,518.7183143777095,929773.9999999998
82,929022.2736238881,67.64040091184144,155.66118675112497,528.4247884487072,929773.9999999998
83,929010.2036555113,68.3260741610267,157.2405229235511,538.2297474040314,929773.9999999998
84,928998.0113886705,69.01864719277337,158.8357800985796,548.1341840380713,929773.9999999999
85,928985.6955935706,69.71818840784145,160.44711670250075,558.1391013190246,929773.9999999999
86,928973.255028759,70.42476683964391,162.07469263157725,568.2455117698097,929774.0
87,928960.6884394872,71.13845223548554,163.71866945015924,578.4544388271422,929774.0
88,928947.994559092,71.85931498711439,165.37921022494066,588.766915695998,929774.0
89,928935.1721089326,72.58742613347529,167.05647953287456,599.1839854010838,929774.0
90,928922.2197979299,73.32285738357004,168.750643517,609.7067011696266,929774.0
91,928909.1363224307,74.06568112288238,170.46186990310582,620.3361265433427,929774.0
92,928895.9203660735,74.81597041980308,172.19032801639455,631.073335490406,929774.0000000001
93,928882.5705989113,75.57379907107851,173.93618888252024,641.9194131351652,929774.0000000001
94,928869.0856769673,76.33924162456464,175.6996252795577,652.8754561286016,929774.0
95,928855.4642436578,77.11237330359549,177.4808115772489,663.9425714613309,929774.0
96,928841.7049288795,77.89327005436127,179.27992384221253,675.1218772238635,929773.9999999999
97,928827.8063488392,78.68200855418938,181.09713985862112,686.4145027479555,929774.0
98,928813.7671058942,79.47866621925756,182.93263914764938,697.8215887389657,929774.0
99,928799.5857886304,80.28332120282651,184.7866029543831,709.3442872123671,929774.0
100,928785.2609733079,81.09605233902042,186.65921404782716,720.9837603053674,929774.0000000001
101,928770.7912214604,81.9169392397927,188.550657046703,732.7411822530752,929774.0000000001
102,928756.175080216,82.74606228357162,190.46111837345043,744.6177391269564,929773.9999999999
103,928741.4110824183,83.58350261173018,192.3907862350859,756.6146287349297,929774.0
104,928726.4977464974,84.42934213510232,194.33985063854294,768.7330607289985,929774.0
105,928711.4335763404,85.28366354052534,196.3085034059952,780.9742567130538,929774.0
106,928696.2170610825,86.14655030894198,198.2969381825544,793.339450425975,929773.9999999999
107,928680.8466750144,87.01808671648735,200.305350455192,805.8298878138957,929774.0
108,928665.3208775203,87.89835783119464,202.3339375745506,818.4468270739335,929773.9999999999
109,928649.6381129025,88.7874495262075,204.3828987658674,831.1915388054392,929774.0000000001
110,928633.7968102499,89.68544848655881,206.45243514414136,844.0653061193394,929774.0
111,928617.7953833073,90.59244221594982,208.54274972930008,857.0694247474817,929774.0000000001
112,928601.6322302308,91.50851902620042,210.6540474940631,870.2052032488555,929774.0
113,928585.3057331397,92.4337679949069,212.78653547179277,883.4739633935593,929774.0
114,928568.814258564,93.36827906176282,214.9404226027101,896.8770397715416,929774.0
115,928552.1561571105,94.31214300397036,217.11591980824718,910.4157800773114,929774.0
116,928535.3297632949,95.26545143736962,219.31324001687452,924.0915452508683,929774.0
117,928518.3333954031,96.22829682208186,221.53259818141058,937.9057095933946,929774.0
118,928501.1653553463,97.2007724745356,223.7742112908934,951.8596608883897,929774.0000000001
119,928483.8239281293,98.18297296521484,226.03829805380582,965.9548008516988,929773.9999999999
120,928466.307381761,99.17499385992481,228.32507916900173,980.1925452100821,929774.0000000001
121,928448.6139681553,100.17693036747481,230.63477854164753,994.5743229354608,929773.9999999999
122,928430.7419216626,101.18887965705365,232.9676212022123,1009.1015774781131,929774.0
123,928412.6894594965,102.2109396757044,235.32383441759092,1023.7757664100525,929773.9999999999
124,928394.4547815637,103.24320909714608,237.70364776852765,1038.5983615703922,929773.9999999998
125,928376.0360702487,104.28578749823971,240.10729300862428,1053.5708492442202,929773.9999999998
126,928357.4314901814,105.33877554125968,242.53500392085277,1068.694730356377,929773.9999999999
127,928338.6391881646,106.40227477742481,244.98701652392464,1083.971520533851,929773.9999999999
128,928319.6572929758,107.47638764996705,247.46356910091393,1099.402750273121,929773.9999999999
129,928300.4839152659,108.56121752080676,249.96490218874862,1114.9899650243901,929773.9999999999
130,928281.1171472742,109.6568687594289,252.49125853536984,1130.7347254306917,929773.9999999998
131,928261.5550627232,110.76344670160721,255.04288315734706,1146.638607417606,929773.9999999998
132,928241.7957166783,111.88105765475109,257.62002335653085,1162.7032023101426,929773.9999999997
133,928221.8371453024,113.00980888826052,260.22292876844637,1178.9301170404804,929773.9999999998
134,928201.6773657165,114.14980866314258,262.85185135475683,1195.32097426517,929773.9999999997
135,928181.314375921,115.30116623394751,265.507045413658,1211.8774124311362,929773.9999999998
136,928160.7461544238,116.46399186487677,268.18876762206304,1228.601086089013,929773.9999999999
137,928139.9706602831,117.63839682753436,270.8972770312222,1245.493665857755,929773.9999999995
138,928118.9858326872,118.82449341517732,273.63283511805594,1262.5568387791827,929773.9999999997
139,928097.7895910575,120.02239494111302,276.39570577050563,1279.7923082305274,929773.9999999995
140,928076.3798345645,121.23221576183651,279.1861553398223,1297.2017943334502,929773.9999999995
141,928054.7544422388,122.45407127110768,282.0044526290636,1314.7870338605526,929773.9999999995
142,928032.9112725299,123.68807792051904,284.8508689409563,1332.5497806082126,929773.9999999994
143,928010.848162716,124.93435324454424,287.72567814339044,1350.4918058956616,929773.9999999997
144,927988.5629292916,126.19301584376645,290.6291566266418,1368.6148982375082,929773.9999999995
145,927966.0533686831,127.4641853534188,293.56158322457236,1386.9208627384583,929773.9999999995
146,927943.3172568072,128.74798246277422,296.52323926319144,1405.4115214663368,929773.9999999995
147,927920.3523480349,130.04452896037,299.5144086742542,1424.0887143301634,929773.9999999995
148,927897.156371535,131.35394789342752,302.53537839570464,1442.9543021754457,929773.9999999997
149,927873.72703725,132.67636330729582,305.5864377171894,1462.0101617252183,929773.9999999997
150,927850.0620342224,134.0119003183616,308.6678784631995,1481.2581869956668,929773.9999999995
151,927826.159030203,135.3606851311815,311.77999503610533,1500.7002896292913,929773.9999999995
152,927802.0156672106,136.72284523001312,314.9230848974256,1520.3384026615483,929773.9999999995
153,927777.6295643244,138.09850925834502,318.0974482651164,1540.174478151694,929773.9999999995
154,927752.9983203117,139.48780690554636,321.30338782875185,1560.2104849536415,929773.9999999995
155,927728.119511828,140.890868984492,324.54120894457543,1580.448410242529,929773.9999999997
156,927702.990691972,142.3078274946668,327.8112197885575,1600.8902607444052,929773.9999999995
157,927677.6093861065,143.73881580452962,331.1137317987112,1621.5380662898494,929773.9999999995
158,927651.973099166,145.18396833259848,334.4490589015782,1642.3938735994595,929773.9999999997
159,927626.0793134207,146.64342064501432,337.8175177488646,1663.4597481850178,929773.9999999997
160,927599.9254906138,148.1173093656425,341.21942749328116,1684.7377725269494,929773.9999999997
161,927573.5090548574,149.60577289942367,344.655111585172,1706.2300606577076,929773.9999999998
162,927546.8274186293,151.10895033291467,348.1248950417238,1727.9387359957148,929773.9999999997
163,927519.8779656361,152.6269821590623,351.62910624712885,1749.8659459574378,929773.9999999998
164,927492.6580561287,154.16001005236828,355.1680763941488,1772.013857424515,929773.9999999997
165,927465.1650246333,155.70817696232209,358.74213971919687,1794.3846586848836,929773.9999999997
166,927437.3961754474,157.27162729855115,362.35163396848986,1816.9805632852053,929773.9999999997
167,927409.3487916859,158.85050655970983,365.9968994627673,1839.803802291343,929773.9999999998
168,927381.0201314796,160.4449614897773,369.6782794907542,1862.8566275395356,929773.9999999997
169,927352.4074273214,162.0551401051893,373.3961203772044,1886.1413121958678,929773.9999999998
170,927323.5078857732,163.68119170710224,377.1507715134878,1909.6601510059231,929773.9999999998
171,927294.3186871734,165.3232668936585,380.9425853881801,1933.415460544449,929773.9999999997
172,927264.836984866,166.98151758248,384.77191766516836,1957.4095798860574,929773.9999999995
173,927235.0599028763,168.65609706632966,388.63912741583385,1981.6448726411331,929773.9999999997
174,927204.9845390238,170.3471599526348,392.54457681172823,2006.1237242113832,929773.9999999995
175,927174.607963612,172.054862197484,396.48863125611746,2030.8485429340278,929773.9999999997
176,927143.9272188435,173.77936112413425,400.47165944356664,2055.8217605883865,929773.9999999997
177,927112.939318497,175.52081543594375,404.4940333936328,2081.045832673047,929773.9999999997
178,927081.6412476026,177.2793852293052,408.55612848455894,2106.5232386830417,929773.9999999995
179,927050.0299628543,179.05523197368765,412.6583234028053,2132.25648176874,929773.9999999995
180,927018.1023984395,180.84851824928933,416.8009994723623,2158.2480838384026,929773.9999999997
181,926985.8554572023,182.65940814077877,420.9845416628462,2184.5005929936437,929773.9999999997
182,926953.2860118089,184.48806718361055,425.2093384527336,2211.016582554356,929773.9999999997
183,926920.390905671,186.3346623211618,429.4757817202837,2237.7986502870363,929773.9999999995
184,926887.1669527076,188.1993619138713,433.78426676752343,2264.849418610641,929773.9999999997
185,926853.6109371046,190.08233574837868,438.135192344233,2292.171534802442,929773.9999999995
186,926819.7196130743,191.9837550576526,442.5289606595537,2319.767671207937,929773.9999999994
187,926785.4897045355,193.90379286587867,446.965977027744,2347.640525570434,929773.9999999997
188,926750.9179048534,195.84262402526247,451.44664985276586,2375.7928212681563,929773.9999999997
189,926716.0008767935,197.8004238788288,455.97139208258716,2404.227307244597,929773.9999999995
190,926680.7352522046,199.77736867572,460.54062080432783,2432.9467583147784,929773.9999999993
191,926645.1176315389,201.7736371057711,465.1547557053786,2461.953975649356,929773.9999999994
192,926609.1445837021,203.7894094655913,469.8142199686643,2491.251786863046,929773.9999999994
193,926572.8126457839,205.82486748176368,474.519440488531,2520.843046245255,929773.9999999994
194,926536.118322887,207.88019428885252,479.2708478964275,2550.7306349271857,929773.9999999994
195,926499.058087945,209.9555740913861,484.0688769182894,2580.9174610448313,929773.9999999995
196,926461.6283812908,212.05119290283088,488.9139657025712,2611.406460103251,929773.9999999994
197,926423.8256102717,214.16723855318577,493.80655585938337,2642.200595315211,929773.9999999994
198,926385.6461492263,216.3039002510413,498.74709289172256,2673.3028576302618,929773.9999999994
199,926347.0863391329,218.46136882997592,503.7360259965837,2704.7162660399495,929773.9999999994
200,926308.1424873844,220.63983641778756,508.77380841449707,2736.4438677827566,929773.9999999993
201,926268.8108675344,222.8394967910125,513.8608971123914,2768.488738561568,929773.9999999993
202,926229.0877188685,225.06054540148696,518.9977528074553,2800.8539829218685,929773.9999999994
203,926188.9692462342,227.3031792743612,524.1848400858614,2833.5427344050463,929773.9999999994
204,926148.451624544,229.56759682247178,529.422626871123,2866.558151761788,929773.9999999994
205,926107.5309747795,231.85399886593495,534.7115871610215,2899.9034391928394,929773.9999999993
206,926066.2034090247,234.1625866306188,540.0521959383689,2933.5818084056323,929773.9999999994
207,926024.464985117,236.4935638268277,545.4449342066966,2967.596516848934,929773.9999999993
208,925982.3117344086,238.84713536489068,550.8902859041954,3001.9508443217633,929773.9999999994
209,925939.739651171,241.22350783906705,556.3887390680513,3036.6481019212233,929773.9999999993
210,925896.744687041,243.62288974976084,561.9407864572216,3071.691636751356,929773.9999999994
211,925853.3227674812,246.0454907716931,567.546923718935,3107.084818027632,929773.9999999994
212,925809.4697720985,248.49152263577716,573.2076515438147,3142.8310537215116,929773.9999999995
213,925765.1815507412,250.9611983993876,578.9234738731861,3178.933776985776,929773.9999999995
214,925720.4539081472,253.4547331322083,584.6948995809057,3215.3964591392337,929773.9999999994
215,925675.2826165113,255.9723433646473,590.5224411275443,3252.2225989959657,929773.9999999995
216,925629.6634043746,258.51424755186895,596.4066157462371,3289.415732326826,929773.9999999995
217,925583.5919720067,261.08066531029914,602.3479436942629,3326.979418988329,929773.9999999995
218,925537.0639679139,263.6718185833912,608.3469509229726,3364.917262579281,929773.9999999995
219,925490.0749978375,266.28793120398456,614.4041680421838,3403.232902915735,929773.9999999994
220,925442.6206439531,268.9292280156021,620.5201280303531,3441.930000000411,929773.9999999994
221,925394.6964458248,271.59593574108925,626.6953685103933,3481.0122499231547,929773.9999999995
222,925346.2979016775,274.28828292251626,632.930431594647,3520.483383804741,929773.9999999994
223,925297.4204676998,277.00649986427317,639.2258638377488,3560.347168597704,929773.9999999995
224,925248.0595597336,279.7508186058252,645.582216107948,3600.607405552147,929773.9999999995
225,925198.2105545382,282.5214729013498,652.00004349093,3641.267929069012,929773.9999999994
226,925147.868786963,285.31869824679006,658.4799055172065,3682.3326092725342,929773.9999999997
227,925097.0295490657,288.14273188595,665.0223662345677,3723.805352813278,929773.9999999997
228,925045.6880933506,290.99381278810915,671.6279939419854,3765.6900999187874,929773.9999999995
229,924993.8396300626,293.87218170201913,678.2973613691651,3807.9908268658824,929773.9999999997
230,924941.4793239878,296.77808125870405,685.0310458415084,3850.7115489115286,929773.9999999997
231,924888.6023005273,299.7117557760815,691.8296289672373,3893.8563147289997,929773.9999999995
232,924835.2036436774,302.6734513238917,698.6936967413702,3937.429208256894,929773.9999999995
233,924781.2783955403,305.663415736971,705.62383957219,3981.4343491502054,929773.9999999997
234,924726.8215485367,308.68189879282613,712.6206527165072,4025.875899953635,929773.9999999997
235,924671.8280522879,311.7291520546981,719.684735894984,4070.758059761987,929773.9999999995
236,924616.2928156524,314.8054288251125,726.8166931782804,4116.085062343809,929773.9999999997
237,924560.210704468,317.9109841973612,734.0171331132428,4161.86117822103,929773.9999999997
238,924503.5765383592,321.0460750733497,741.2866689282239,4208.090717638925,929773.9999999997
239,924446.3850864116,324.21096018777166,748.625918811198,4254.778034589077,929773.9999999995
240,924388.6310774671,327.4059000505695,756.0355052478056,4301.9275172341395,929773.9999999995
241,924330.3091962086,330.63115696881533,763.516055273081,4349.543591549098,929773.9999999997
242,924271.4140824508,333.88699505258705,771.0682005108023,4397.630721985501,929773.9999999997
243,924211.9403232367,337.17368028929445,778.6925775827357,4446.193418890865,929773.9999999997
244,924151.8824611594,340.49148046542433,786.3898276777596,4495.23623069712,929773.9999999997
245,924091.2349948562,343.84066516188057,794.1605965262058,4544.763743455364,929773.9999999997
246,924029.9923772316,347.22150577070835,802.0055344919458,4594.780582505412,929773.9999999997
247,923968.1490113604,350.63427557593184,809.9252967037568,4645.291416359629,929773.9999999997
248,923905.699247811,354.0792498063829,817.9205431411687,4696.300959241085,929773.9999999997
249,923842.6373941927,357.55670544728923,825.9919383282883,4747.81396203131,929773.9999999995
250,923778.9577110861,361.0669213205804,834.1401514643005,4799.835216128575,929773.9999999997
251,923714.6544110472,364.61017808736403,842.3658564616165,4852.369554403281,929773.9999999994
252,923649.7216500323,368.18675825607477,850.6697322790997,4905.421859432036,929773.9999999995
253,923584.1535383944,371.7969461720245,859.0524624947428,4958.997052938414,929773.9999999995
254,923517.9441397028,375.4410280185247,867.5147353515489,5013.100096926659,929773.9999999995
255,923451.0874691646,379.11929181838667,876.0572438188815,5067.735995197671,929773.9999999995
256,923383.5774920796,382.8320274124725,884.6806856564983,5122.909794850923,929773.9999999995
257,923315.4081134597,386.57952631553655,893.3857638449504,5178.6265963792775,929773.9999999995
258,923246.5731926234,390.3620819188981,902.1731859804839,5234.891539476672,929773.9999999995
259,923177.0665405528,394.17998945373927,911.0436643846256,5291.709805608335,929773.9999999995
260,923106.8819183074,398.0335459690788,919.9979161699345,5349.086619553054,929773.9999999994
261,923036.0130350918,401.9230503283429,929.0366632663303,5407.027251313022,929773.9999999995
262,922964.4535388201,405.84880319262453,938.160632549607,5465.537025437197,929773.9999999995
263,922892.1970306719,409.81110704651036,947.370555643172,5524.621306637952,929773.9999999997
264,922819.2370615997,413.8102661918832,956.6671689656152,5584.2855032422785,929773.9999999994
265,922745.5671311395,417.8465867458116,966.0512137469151,5644.535068367355,929773.9999999995
266,922671.1806849681,421.9203766571368,975.5234359984977,5705.375502375685,929773.9999999994
267,922596.0711062487,426.0319457652712,985.0845864070906,5766.8123615784425,929773.9999999994
268,922520.2317303957,430.18160569989004,994.7354205157988,5828.851243387993,929773.9999999994
269,922443.6558408123,434.36966990989856,1004.4766986718181,5891.497790605421,929773.9999999994
270,922366.3366679967,438.5964536694921,1014.3091860154891,5954.757692317741,929773.9999999994
271,922288.2673866084,442.8622739760219,1024.2336524973393,6018.636686917773,929773.9999999994
272,922209.441108023,447.1674492909236,1034.2508729213066,6083.140569764181,929773.9999999995
273,922129.850894614,451.512300036701,1044.3616268618225,6148.275178487021,929773.9999999997
274,922049.4897550265,455.89714843250454,1054.5666986912433,6214.046397849186,929773.9999999995
275,921968.3506435604,460.32231847260124,1064.8668775834424,6280.460160383036,929773.9999999994
276,921886.4264577925,464.788135709894,1075.2629575980582,6347.52244889896,929773.9999999995
277,921803.7100328336,469.29492673264195,1085.7557378841277,6415.239302549016,929773.9999999994
278,921720.1941497774,473.8430199341993,1096.3460223805396,6483.616807907347,929773.9999999995
279,921635.871533261,478.43274555062237,1107.0346196305982,6552.6611015572125,929773.9999999994
280,921550.7348511445,483.06443639292087,1117.8223419964304,6622.378370465611,929773.9999999995
281,921464.7767146182,487.7384268096128,1128.7100067512154,6692.774851820354,929773.9999999994
282,921377.989677403,492.4550528299682,1139.698435841237,6763.8568339251515,929773.9999999993
283,921290.3662330225,497.2146517473241,1150.788456017187,6835.630659212262,929773.9999999993
284,921201.8988183235,502.01756270737155,1161.980898612112,6908.102720356403,929773.9999999994
285,921112.5798121392,506.8641264105957,1173.276599673697,6981.279461775837,929773.9999999992
286,921022.4015330039,511.75468441604295,1184.6764003114656,7055.167382267958,929773.9999999993
287,920931.3562417375,516.6895799561448,1196.1811462863752,7129.773032019282,929773.9999999993
288,920839.4362322976,521.6691553703938,1207.7916809526657,7205.102931378712,929773.9999999994
289,920746.6333813419,526.693764590107,1219.5088785949326,7281.163975472428,929773.9999999994
290,920652.940012255,531.7637493732141,1231.3335797719342,7357.962658599284,929773.9999999994
291,920558.3480873237,536.8794612070344,1243.2666524907204,7435.50579897791,929773.9999999994
292,920462.8495453366,542.0412522366448,1255.3089658047077,7513.800236621426,929773.9999999994
293,920366.4363090105,547.2494748698481,1267.4613901183363,7592.8528260006415,929773.9999999993
294,920269.1001963781,552.5044834234602,1279.7248039649553,7672.67051623286,929773.9999999993
295,920170.8330177973,557.8066325029507,1292.1000862780388,7753.260263421125,929773.9999999994
296,920071.6264636336,563.1562795775658,1304.5881243872343,7834.62913240106,929773.9999999994
297,919971.4722140997,568.5537823303322,1317.1898062566688,7916.784197312824,929773.9999999995
298,919870.3618563056,573.9995005757194,1329.9060262061423,7999.7326169120215,929773.9999999994
299,919768.2869403367,579.4937948849104,1342.7376810171404,8083.4815837608,929773.9999999995
300,919665.2389275879,585.0370275930799,1355.6856733305901,8168.03837148797,929773.9999999995
301,919561.2092371028,590.6295620591027,1368.750908724533,8253.410292113107,929773.9999999994
302,919456.189207389,596.2717634298955,1381.9342982413013,8339.604730939229,929773.9999999994
303,919350.1701319572,601.9639971466115,1395.23675552664,8426.629115369025,929773.9999999994
304,919243.1432432563,607.706629592894,1408.659198105334,8514.490929045016,929773.9999999995
305,919135.0996861687,613.5000291644731,1422.2025494859565,8603.197735180345,929773.9999999995
306,919026.0305384798,619.3445655220868,1435.8677374162023,8692.757158581395,929773.9999999994
307,918915.9268516927,625.2406085162038,1449.6556897781038,8783.176850012394,929773.9999999994
308,918804.7796034423,631.1885294406878,1463.5673393737964,8874.464527742697,929773.9999999994
309,918692.579703397,637.188700877295,1477.603623331898,8966.627972393306,929773.9999999994
310,918579.3179974586,643.2414963017394,1491.7654821810693,9059.675024058119,929773.9999999995
311,918464.9852667557,649.3472898142296,1506.0538594245393,9153.613584005117,929773.9999999997
312,918349.5722300487,655.506456783502,1520.4697025570088,9248.451610610357,929773.9999999995
313,918233.0695427856,661.7193735796914,1535.0139626680666,9344.197120966117,929773.9999999995
314,918115.4677955633,667.986416606435,1549.6875938981007,9440.858193931728,929773.9999999997
315,917996.7575151352,674.3079629414984,1564.4915537936272,9538.44296812919,929773.9999999995
316,917876.929164995,680.6843907069155,1579.4268035125926,9636.959640785097,929773.9999999997
317,917755.9731447028,687.1160787375971,1594.4943074307596,9736.41646912833,929773.9999999995
318,917633.8797886705,693.603406293031,1609.6950319232676,9836.821773112859,929773.9999999997
319,917510.6393675491,700.1467533866282,1625.029946756544,9938.183932307302,929773.9999999995
320,917386.242087908,706.7465007113262,1640.5000246748775,10040.511386705382,929773.9999999995
321,917260.6780917147,713.4030295275576,1656.1062404048237,10143.81263835245,929773.9999999995
322,917133.9374568096,720.1167217632371,1671.8495716657835,10248.096249760927,929773.9999999995
323,917006.0101968002,726.8879598270486,1687.730998929188,10353.370844443052,929773.9999999997
324,916876.8862608805,733.7171256630783,1703.7515049407868,10459.64510851512,929773.9999999995
325,916746.5555339927,740.604601792105,1719.9120751678117,10566.927789046878,929773.9999999994
326,916615.0078368044,747.5507710671089,1736.2136975673338,10675.227694560654,929773.9999999995
327,916482.2329257102,754.556016124725,1752.657361620616,10784.553696543995,929773.9999999994
328,916348.220492816,761.6207198968298,1769.244059351755,10894.914727934927,929773.9999999995
329,916212.9601659756,768.7452655052151,1785.9747849582952,11006.319783560257,929773.9999999993
330,916076.441508998,775.9300360396868,1802.8505334069075,11118.777921554733,929773.9999999994
331,915938.6540214249,783.1754147523261,1819.8723018583462,11232.298261963771,929773.9999999994
332,915799.5871386561,790.4817849220834,1837.0410893497215,11346.889987071572,929773.9999999995
333,915659.2302326062,797.8495291043093,1854.357895851597,11462.562342437343,929773.9999999994
334,915517.5726111258,805.2790297972516,1871.8237230134412,11579.324636062902,929773.9999999994
335,915374.603518415,812.7706691257271,1889.4395737557434,11697.186238702945,929773.9999999994
336,915230.3121353706,820.3248285703243,1907.206451923584,11816.156584134913,929773.9999999994
337,915084.6875790377,827.9418893794699,1925.125362784812,11936.245168797364,929773.9999999994
338,914937.7189036258,835.6222321956983,1943.197311751994,12057.461552425817,929773.9999999994
339,914789.3950999955,843.3662371983662,1961.4233050698497,12179.815357735655,929773.9999999993
340,914639.7050959087,851.174283958777,1979.8043497019064,12303.31627042992,929773.9999999992
341,914488.6377570472,859.0467509808977,1998.341452486251,12427.97403948498,929773.9999999993
342,914336.1818858593,866.9840162486804,2017.0356210154625,12553.798476875898,929773.9999999994
343,914182.3262230563,874.986456562195,2035.8878626395372,12680.799457741432,929773.9999999994
344,914027.0594473288,883.0544476598999,2054.8991846440927,12808.986920366622,929773.9999999994
345,913870.3701751755,891.1883643662233,2074.070594335075,12938.370866122572,929773.9999999993
346,913712.2469631642,899.388579915556,2093.403097480516,13068.961359439052,929773.9999999993
347,913552.6783051478,907.6554667263687,2112.897700249244,13200.768527875887,929773.9999999993
348,913391.6526329188,915.9893962192401,2132.5554087551527,13333.802562106133,929773.9999999994
349,913229.1583181988,924.3907382444296,2152.377227829214,13468.073715726918,929773.9999999993
350,913065.1836761186,932.8598600772249,2172.364158899193,13603.592304904249,929773.9999999993
351,912899.7169586893,941.3971283028725,2192.517203967728,13740.368709039423,929773.9999999993
352,912732.7463569858,950.002908185984,2212.837364281482,13878.413370546094,929773.9999999993
353,912564.2600046797,958.6775626941998,2233.325638528408,14017.736794096936,929773.9999999992
354,912394.2459800063,967.4214519558708,2253.983021844186,14158.349546192905,929773.9999999993
355,912222.6922989404,976.2349351416542,2274.8105092594406,14300.262256657761,929773.9999999992
356,912049.5869180348,985.1183696823928,2295.809094266253,14443.485618015748,929773.9999999992
357,911874.9177400923,994.0721099508668,2316.979766093997,14588.030383862118,929773.9999999992
358,911698.6726127228,1003.0965075965648,2338.3235104017335,14733.90736927803,929773.9999999992
359,911520.8393230033,1012.1919127856531,2359.841311842806,14881.127452367402,929773.9999999992
360,911341.4055978289,1021.3586740514965,2381.5341538229213,15029.70157429586,929773.9999999992
361,911160.3591245068,1030.5971340942403,2403.4030092358794,15179.640732162192,929773.9999999991
362,910977.6875214416,1039.9076357601778,2425.4488536514204,15330.955989145905,929773.9999999991
363,910793.3783562988,1049.2905183368425,2447.672657143836,15483.65846821965,929773.9999999991
364,910607.4191410007,1058.746118579566,2470.075386593612,15637.759353825099,929773.999999999
