,Population,S,E,I,R,S_ratio,E_ratio,I_ratio,R_ratio,Day,Total
Tahiti,191779.0,191741.0,32.0,6.0,0.0,0.9998018552604822,0.000166858728015059,3.128601150282356e-05,0.0,1.0,191779.0
Tahiti,191779.0,191711.0,55.0,13.0,0.0,0.999645425202968,0.00028678843877588266,6.778635825611772e-05,0.0,2.0,191779.0
Tahiti,191779.0,191673.0,71.0,35.0,0.0,0.9994472804634501,0.00037021780278341217,0.0001825017337664708,0.0,3.0,191779.0
Tahiti,191779.0,191642.0,85.0,48.0,4.0,0.9992856360706855,0.00044321849629000047,0.0002502880920225885,2.0857341001882375e-05,4.0,191779.0
Tahiti,191779.0,191599.0,97.0,79.0,4.0,0.9990614196549152,0.0005057905192956476,0.0004119324847871769,2.0857341001882375e-05,5.0,191779.0
Tahiti,191779.0,191550.0,130.0,89.0,10.0,0.9988059172276422,0.0006778635825611772,0.00046407583729188284,5.214335250470594e-05,6.0,191779.0
Tahiti,191779.0,191504.0,155.0,107.0,13.0,0.9985660578061206,0.0008082219638229421,0.0005579338718003535,6.778635825611772e-05,7.0,191779.0
Tahiti,191779.0,191444.0,182.0,134.0,19.0,0.9982531976910923,0.000949009015585648,0.0006987209235630596,9.907236975894128e-05,8.0,191779.0
Tahiti,191779.0,191374.0,209.0,170.0,26.0,0.9978881942235595,0.0010897960673483542,0.0008864369925800009,0.00013557271651223543,9.0,191779.0
Tahiti,191779.0,191336.0,223.0,189.0,31.0,0.9976900494840415,0.0011627967608549424,0.0009855093623389421,0.00016164439276458842,10.0,191779.0
Tahiti,191779.0,191260.0,248.0,221.0,50.0,0.9972937600050058,0.0012931551421167073,0.0011523680903540012,0.0002607167625235297,11.0,191779.0
Tahiti,191779.0,191180.0,280.0,257.0,62.0,0.9968766131849681,0.0014600138701317664,0.0013400841593709425,0.00032328878552917683,12.0,191779.0
Tahiti,191779.0,191107.0,300.0,296.0,76.0,0.9964959667116837,0.0015643005751411782,0.0015434432341392957,0.00039628947903576513,13.0,191779.0
Tahiti,191779.0,190982.0,361.0,338.0,98.0,0.9958441748053749,0.0018823750254198844,0.0017624453146590606,0.0005110048545461182,14.0,191779.0
Tahiti,191779.0,190842.0,416.0,397.0,124.0,0.995114167870309,0.002169163464195767,0.0020700910944368256,0.0006465775710583537,15.0,191779.0
Tahiti,191779.0,190688.0,491.0,451.0,149.0,0.9943111602417366,0.0025602386079810616,0.002351665197962238,0.0007769359523201185,16.0,191779.0
Tahiti,191779.0,190552.0,540.0,508.0,179.0,0.9936020106476726,0.0028157410352541204,0.0026488823072390614,0.0009333660098342363,17.0,191779.0
Tahiti,191779.0,190394.0,595.0,584.0,206.0,0.9927781456780982,0.0031025294740300033,0.0030451717862748267,0.0010741530615969424,18.0,191779.0
Tahiti,191779.0,190189.0,673.0,682.0,235.0,0.9917092069517518,0.0035092476235667096,0.003556176640820945,0.0012253687838605896,19.0,191779.0
Tahiti,191779.0,189976.0,767.0,746.0,290.0,0.9905985535434015,0.003999395137110945,0.003889894096851063,0.0015121572226364723,20.0,191779.0
Tahiti,191779.0,189717.0,897.0,822.0,343.0,0.9892480407135297,0.004677258719672122,0.004286183575886828,0.0017885169909114137,21.0,191779.0
Tahiti,191779.0,189440.0,1008.0,953.0,378.0,0.9878036698491492,0.005256049932474359,0.004969261493698476,0.0019710187246778843,22.0,191779.0
Tahiti,191779.0,189165.0,1106.0,1074.0,434.0,0.9863697276552699,0.005767054787020476,0.005600196059005418,0.0022630214987042377,23.0,191779.0
Tahiti,191779.0,188826.0,1244.0,1198.0,511.0,0.9846020680053603,0.0064866330515854186,0.006246773630063772,0.0026645253129904734,24.0,191779.0
Tahiti,191779.0,188443.0,1354.0,1383.0,599.0,0.9826049776044301,0.007060209929137184,0.007211425651400831,0.003123386815031886,25.0,191779.0
Tahiti,191779.0,188106.0,1460.0,1548.0,665.0,0.9808477466250215,0.007612929465687067,0.00807179096772848,0.003467532941562945,26.0,191779.0
Tahiti,191779.0,187616.0,1646.0,1723.0,794.0,0.9782927223522909,0.008582795822274598,0.008984299636560833,0.004140182188873651,27.0,191779.0
Tahiti,191779.0,187105.0,1823.0,1918.0,933.0,0.9756281970393005,0.009505733161607893,0.010001095010402599,0.004864974788689064,28.0,191779.0
Tahiti,191779.0,186552.0,2011.0,2127.0,1089.0,0.9727446696457902,0.010486028188696364,0.011090891077750954,0.0056784110877624765,29.0,191779.0
Tahiti,191779.0,186260.0,1906.0,2365.0,1248.0,0.9712220837526528,0.009938522987396952,0.012331902867362955,0.006507490392587301,30.0,191779.0
Tahiti,191779.0,185905.0,1880.0,2586.0,1408.0,0.9693709947387358,0.009802950270884717,0.013484270957716956,0.007341784032662596,31.0,191779.0
Tahiti,191779.0,185538.0,1876.0,2769.0,1596.0,0.967457333701813,0.009782092929882833,0.014438494308553073,0.008322079059751068,32.0,191779.0
Tahiti,191779.0,185112.0,1925.0,2945.0,1797.0,0.9652360268851126,0.010037595357155893,0.015356217312635898,0.009370160445095657,33.0,191779.0
Tahiti,191779.0,184698.0,1912.0,3181.0,1988.0,0.9630772920914177,0.009969808998899776,0.01658680043174696,0.01036609847793554,34.0,191779.0
Tahiti,191779.0,184215.0,2016.0,3351.0,2197.0,0.9605587681654404,0.010512099864948717,0.017473237424326958,0.011455894545283894,35.0,191779.0
Tahiti,191779.0,183718.0,2084.0,3525.0,2452.0,0.9579672435459565,0.010866674661980717,0.018380531757908842,0.012785550034153896,36.0,191779.0
Tahiti,191779.0,183223.0,2134.0,3731.0,2691.0,0.9553861475969736,0.011127391424504246,0.019454684819505786,0.014031776159016367,37.0,191779.0
Tahiti,191779.0,182678.0,2245.0,3867.0,2989.0,0.9525443348854671,0.011706182637306483,0.020163834413569785,0.015585648063656605,38.0,191779.0
Tahiti,191779.0,182106.0,2354.0,4056.0,3263.0,0.949561735122198,0.012274545179607778,0.021149343775908727,0.017014375922285548,39.0,191779.0
Tahiti,191779.0,181562.0,2424.0,4232.0,3561.0,0.9467251367459419,0.01263954864714072,0.022067066779991554,0.018568247826925784,40.0,191779.0
Tahiti,191779.0,180950.0,2536.0,4418.0,3875.0,0.943533963572654,0.013223554195193426,0.023036933136579084,0.020205549095573552,41.0,191779.0
Tahiti,191779.0,180322.0,2654.0,4621.0,4182.0,0.9402593610353585,0.013838845754748955,0.024095443192424612,0.021806350017468022,42.0,191779.0
Tahiti,191779.0,179638.0,2824.0,4772.0,4545.0,0.9366927557240365,0.014725282747328957,0.024882807815245673,0.02369915371338885,43.0,191779.0
Tahiti,191779.0,178972.0,2881.0,5059.0,4867.0,0.9332200084472231,0.015022499856605781,0.026379322032130732,0.02537816966404038,44.0,191779.0
Tahiti,191779.0,178253.0,3028.0,5252.0,5246.0,0.9294709014021347,0.015789007138424956,0.027385688735471557,0.027354402723968736,45.0,191779.0
Tahiti,191779.0,177542.0,3171.0,5427.0,5639.0,0.9257635090390501,0.016534657079242253,0.028298197404303914,0.02940363647740368,46.0,191779.0
Tahiti,191779.0,176793.0,3253.0,5734.0,5999.0,0.9218579719364477,0.01696223256978084,0.029898998326198384,0.03128079716757309,47.0,191779.0
Tahiti,191779.0,175986.0,3414.0,5966.0,6413.0,0.9176500033893179,0.017801740545106606,0.031108724104307563,0.03343953196126792,48.0,191779.0
Tahiti,191779.0,175142.0,3570.0,6200.0,6867.0,0.9132491044379207,0.018615176844180018,0.03232887855291768,0.03580684016498157,49.0,191779.0
Tahiti,191779.0,174323.0,3649.0,6484.0,7323.0,0.9089785638677853,0.019027109328967198,0.03380974976405133,0.03818457703919616,50.0,191779.0
Tahiti,191779.0,173394.0,3847.0,6719.0,7819.0,0.9041344464200981,0.020059547708560374,0.03503511854791192,0.040770887323429574,51.0,191779.0
Tahiti,191779.0,172468.0,4037.0,6972.0,8302.0,0.8993059719781623,0.021050271406149786,0.03635434536628098,0.04328941124940687,52.0,191779.0
Tahiti,191779.0,171511.0,4195.0,7273.0,8800.0,0.894315853143462,0.02187413637572414,0.037923860276672626,0.045886150204141225,53.0,191779.0
Tahiti,191779.0,170536.0,4350.0,7564.0,9329.0,0.8892318762742532,0.02268235833954708,0.039441231834559574,0.04864453355164017,54.0,191779.0
Tahiti,191779.0,169554.0,4458.0,7890.0,9877.0,0.8841113990582911,0.02324550654659791,0.04114110512621298,0.051501989268898055,55.0,191779.0
Tahiti,191779.0,168537.0,4622.0,8163.0,10457.0,0.8788084201085624,0.024100657527675085,0.042564618649591456,0.054526303714171,56.0,191779.0
Tahiti,191779.0,167457.0,4720.0,8585.0,11017.0,0.8731769380380542,0.024611662382221202,0.04476506812529005,0.05744633145443453,57.0,191779.0
Tahiti,191779.0,166351.0,4891.0,8922.0,11615.0,0.8674098832510337,0.025503313710051673,0.046522299104698635,0.060564503934215946,58.0,191779.0
Tahiti,191779.0,165171.0,5086.0,9279.0,12243.0,0.8612569676554784,0.02652010908389344,0.048383816789116636,0.06383910647151148,59.0,191779.0
Tahiti,191779.0,163958.0,5336.0,9526.0,12959.0,0.8549319789966576,0.027823692896511088,0.04967175759598288,0.06757257051084842,60.0,191779.0
Tahiti,191779.0,162760.0,5474.0,9886.0,13659.0,0.8486852053665939,0.02854327116107603,0.05154891828615229,0.07122260518617785,61.0,191779.0
Tahiti,191779.0,161545.0,5607.0,10264.0,14363.0,0.8423497880372721,0.02923677774938862,0.053519937010830174,0.07489349720250914,62.0,191779.0
Tahiti,191779.0,160204.0,5828.0,10620.0,15127.0,0.835357364466391,0.030389145839742622,0.055376240359997705,0.07887724933386867,63.0,191779.0
Tahiti,191779.0,158911.0,5962.0,11046.0,15860.0,0.8286152289875325,0.03108786676330568,0.057597547176698176,0.08269935707246362,64.0,191779.0
Tahiti,191779.0,157563.0,6150.0,11431.0,16635.0,0.8215863050698982,0.03206816179039415,0.059605066248129356,0.08674046689157833,65.0,191779.0
Tahiti,191779.0,156175.0,6280.0,11843.0,17481.0,0.8143488077422449,0.03274602537295533,0.061753372371323244,0.09115179451347645,66.0,191779.0
Tahiti,191779.0,154674.0,6483.0,12313.0,18309.0,0.8065220905312886,0.03380453542880086,0.06420410993904442,0.0954692641008661,67.0,191779.0
Tahiti,191779.0,153153.0,6665.0,12802.0,19159.0,0.7985910866153229,0.034753544444386504,0.06675391987652454,0.0999014490637661,68.0,191779.0
Tahiti,191779.0,151595.0,6799.0,13320.0,20065.0,0.7904671522950897,0.03545226536794957,0.06945494553626831,0.10462563680069246,69.0,191779.0
Tahiti,191779.0,150024.0,7077.0,13664.0,21014.0,0.7822754316166004,0.03690185056758039,0.0712486768624302,0.10957404095338906,70.0,191779.0
Tahiti,191779.0,148494.0,7224.0,14094.0,21967.0,0.7742974986833804,0.03766835784939957,0.07349084102013255,0.11454330244708753,71.0,191779.0
Tahiti,191779.0,146773.0,7487.0,14567.0,22952.0,0.7653236277173204,0.039039728020273334,0.07595722159360514,0.11967942266880106,72.0,191779.0
Tahiti,191779.0,145033.0,7701.0,15113.0,23932.0,0.7562506843815017,0.04015559576387404,0.07880424864036209,0.12478947121426225,73.0,191779.0
Tahiti,191779.0,143249.0,7923.0,15538.0,25069.0,0.7469483102946621,0.041313178189478515,0.08102034112181208,0.13071817039404732,74.0,191779.0
Tahiti,191779.0,141531.0,8033.0,15988.0,26227.0,0.7379900823343536,0.04188675506703028,0.08336679198452385,0.13675637061409227,75.0,191779.0
Tahiti,191779.0,139757.0,8131.0,16538.0,27353.0,0.7287398516000188,0.0423977599215764,0.08623467637228267,0.14262771210612216,76.0,191779.0
Tahiti,191779.0,137911.0,8341.0,17004.0,28523.0,0.7191141887276501,0.04349277032417522,0.08866455659900198,0.14872848434917274,77.0,191779.0
Tahiti,191779.0,136026.0,8582.0,17397.0,29774.0,0.709285166780513,0.04474942511953864,0.09071379035243692,0.15525161774751145,78.0,191779.0
Tahiti,191779.0,134218.0,8705.0,17864.0,30992.0,0.6998576486476622,0.04539078835534652,0.09314888491440669,0.16160267808258463,79.0,191779.0
Tahiti,191779.0,132349.0,8820.0,18344.0,32266.0,0.6901120560645326,0.04599043690915064,0.09565176583463257,0.16824574119168417,80.0,191779.0
Tahiti,191779.0,130472.0,8992.0,18815.0,33500.0,0.6803247487993993,0.04688730257223158,0.09810771773760422,0.1746802308907649,81.0,191779.0
Tahiti,191779.0,128531.0,9116.0,19353.0,34779.0,0.6702037240782359,0.047533880143289936,0.1009130301023574,0.18134936567611679,82.0,191779.0
Tahiti,191779.0,126587.0,9249.0,19760.0,36183.0,0.660067056351321,0.04822738673160252,0.10303526454929893,0.1886702923677775,83.0,191779.0
Tahiti,191779.0,124565.0,9400.0,20248.0,37566.0,0.6495236704748695,0.04901475135442358,0.10557986015152858,0.19588171801917834,84.0,191779.0
Tahiti,191779.0,122639.0,9340.0,20783.0,39017.0,0.6394808607824631,0.04870189123939535,0.10836952951053035,0.20344771846761114,85.0,191779.0
Tahiti,191779.0,120673.0,9439.0,21213.0,40454.0,0.629229477680038,0.049218110429191934,0.1106116936682327,0.2109407182225374,86.0,191779.0
Tahiti,191779.0,118571.0,9686.0,21602.0,41920.0,0.6182689449835488,0.05050605123605817,0.11264007008066576,0.21858493369972729,87.0,191779.0
Tahiti,191779.0,116599.0,9727.0,21998.0,43455.0,0.6079862758696207,0.05071983898132747,0.11470494683985212,0.22658893830919966,88.0,191779.0
Tahiti,191779.0,114575.0,9795.0,22345.0,45064.0,0.5974324613226683,0.051074413778359466,0.11651432117176541,0.23497880372720684,89.0,191779.0
Tahiti,191779.0,112638.0,9778.0,22710.0,46653.0,0.5873322939425067,0.05098577007910147,0.11841755353818718,0.24326438244020462,90.0,191779.0
Tahiti,191779.0,110685.0,9712.0,23173.0,48209.0,0.5771486971983377,0.05064162395257041,0.12083179075915507,0.25137788808993683,91.0,191779.0
Tahiti,191779.0,108708.0,9740.0,23566.0,49765.0,0.5668399564081573,0.050787625339583586,0.12288102451259002,0.2594913937396691,92.0,191779.0
Tahiti,191779.0,106717.0,9754.0,23943.0,51365.0,0.5564582149244703,0.05086062603309017,0.12484682890201743,0.26783433014042207,93.0,191779.0
Tahiti,191779.0,104712.0,9848.0,24140.0,53079.0,0.5460034727472768,0.05135077354663441,0.12587405294636014,0.2767717007597286,94.0,191779.0
Tahiti,191779.0,102727.0,9880.0,24433.0,54739.0,0.5356530172750927,0.051517632274649464,0.12740185317474803,0.2854274972755098,95.0,191779.0
Tahiti,191779.0,100752.0,9761.0,24832.0,56434.0,0.5253547051554133,0.05089712637984346,0.12948237293968579,0.2942657955250575,96.0,191779.0
Tahiti,191779.0,98790.0,9770.0,25099.0,58120.0,0.5151241793939899,0.050944055397097704,0.13087460045156143,0.3030571647573509,97.0,191779.0
Tahiti,191779.0,96880.0,9717.0,25298.0,59884.0,0.5051647990655911,0.050667695628822756,0.1319122531664051,0.31225525213918104,98.0,191779.0
Tahiti,191779.0,94933.0,9774.0,25404.0,61668.0,0.4950124883329249,0.05096491273809958,0.13246497270295496,0.3215576262260206,99.0,191779.0
Tahiti,191779.0,93088.0,9711.0,25528.0,63452.0,0.48539203979580664,0.05063640961731994,0.1331115502740133,0.3308600003128601,100.0,191779.0
Tahiti,191779.0,91201.0,9683.0,25652.0,65243.0,0.4755525891781686,0.05049040823030676,0.13375812784507168,0.34019887474645294,101.0,191779.0
Tahiti,191779.0,89245.0,9614.0,25830.0,67090.0,0.46535334942824813,0.05013061909802429,0.13468627951965545,0.3498297519540721,102.0,191779.0
Tahiti,191779.0,87443.0,9464.0,25967.0,68905.0,0.45595711730690014,0.0493484688104537,0.1354006434489699,0.3592937704336763,103.0,191779.0
Tahiti,191779.0,85663.0,9370.0,26065.0,70681.0,0.4466756005610625,0.048858321296909465,0.13591164830351601,0.36855442983851205,104.0,191779.0
Tahiti,191779.0,83901.0,9281.0,26001.0,72596.0,0.4374879418497333,0.04839424545961758,0.1355779308474859,0.37853988184316323,105.0,191779.0
Tahiti,191779.0,82238.0,9072.0,26033.0,74436.0,0.4288165023282007,0.04730444939226923,0.13574478957550096,0.3881342587040291,106.0,191779.0
Tahiti,191779.0,80527.0,8962.0,25983.0,76307.0,0.4198947747146455,0.04673087251471746,0.13548407281297745,0.3978902799576596,107.0,191779.0
Tahiti,191779.0,78906.0,8745.0,25976.0,78152.0,0.41144233727363266,0.045599361765365345,0.13544757246622413,0.4075107284947778,108.0,191779.0
Tahiti,191779.0,77372.0,8504.0,25905.0,79998.0,0.40344354699941076,0.04434270697000193,0.13507735466344073,0.4171363913671466,109.0,191779.0
Tahiti,191779.0,75881.0,8241.0,25843.0,81814.0,0.3956689731409591,0.042971336799128165,0.13475406587791156,0.42660562418200115,110.0,191779.0
Tahiti,191779.0,74356.0,8138.0,25681.0,83604.0,0.3877171118839915,0.04243426026832969,0.13390934356733533,0.4359392842803435,111.0,191779.0
Tahiti,191779.0,72927.0,7981.0,25462.0,85409.0,0.38026582681106896,0.04161560963400581,0.13276740414748225,0.44535115940744296,112.0,191779.0
Tahiti,191779.0,71503.0,7743.0,25298.0,87235.0,0.3728406134143989,0.04037459784439381,0.1319122531664051,0.45487253557480223,113.0,191779.0
Tahiti,191779.0,70071.0,7632.0,25082.0,88994.0,0.36537368533572495,0.039795806631591574,0.13078595675230342,0.46404455128038,114.0,191779.0
Tahiti,191779.0,68715.0,7470.0,24759.0,90835.0,0.35830304673608687,0.038951084321015336,0.12910172646640142,0.4736441424764964,115.0,191779.0
Tahiti,191779.0,67374.0,7347.0,24452.0,92606.0,0.3513106231652058,0.03830972108520745,0.12750092554450695,0.4828787302050798,116.0,191779.0
Tahiti,191779.0,66066.0,7187.0,24181.0,94345.0,0.34449027265759025,0.03747542744513216,0.12608784069162943,0.49194645920564817,117.0,191779.0
Tahiti,191779.0,64794.0,6979.0,23953.0,96053.0,0.3378576382189917,0.036390845713034276,0.12489897225452214,0.5008525438134519,118.0,191779.0
Tahiti,191779.0,63568.0,6771.0,23697.0,97743.0,0.3314648632019147,0.03530626398093639,0.12356410243040165,0.5096647703867473,119.0,191779.0
Tahiti,191779.0,62335.0,6641.0,23376.0,99427.0,0.32503558783808445,0.03462840039837521,0.1218903008150006,0.5184457109485398,120.0,191779.0
Tahiti,191779.0,61254.0,6354.0,23044.0,101127.0,0.31939889143232575,0.033131886181490156,0.12015914151184436,0.5273100808743397,121.0,191779.0
Tahiti,191779.0,60157.0,6211.0,22623.0,102788.0,0.31367876566255953,0.032386236240672855,0.11796390637139624,0.5359710917253714,122.0,191779.0
Tahiti,191779.0,59129.0,6001.0,22249.0,104400.0,0.3083184290250757,0.03129122583807403,0.11601374498772024,0.54437660014913,123.0,191779.0
Tahiti,191779.0,58044.0,5896.0,21867.0,105972.0,0.30266087527831514,0.03074372063677462,0.11402186892204047,0.5525735351628698,124.0,191779.0
Tahiti,191779.0,57048.0,5805.0,21454.0,107472.0,0.2974673973688464,0.030269216128981796,0.11186834846359611,0.5603950380385756,125.0,191779.0
Tahiti,191779.0,56106.0,5568.0,21097.0,109008.0,0.2925554935629031,0.029033418674620268,0.11000683077917811,0.5684042569832984,126.0,191779.0
Tahiti,191779.0,55198.0,5338.0,20706.0,110537.0,0.28782087715547583,0.02783412156701203,0.10796802569624411,0.576376975581268,127.0,191779.0
Tahiti,191779.0,54301.0,5174.0,20252.0,112052.0,0.2831436184358037,0.02697897058593485,0.10560071749253047,0.584276693485731,128.0,191779.0
Tahiti,191779.0,53414.0,5004.0,19896.0,113465.0,0.2785185030686363,0.026092533593354852,0.10374441414336294,0.5916445491946459,129.0,191779.0
Tahiti,191779.0,52581.0,4817.0,19516.0,114865.0,0.2741749618049943,0.02511745290151685,0.10176296674818411,0.5989446185453048,130.0,191779.0
Tahiti,191779.0,48809.0,5139.0,18161.0,119670.0,0.25450648924021924,0.02679646885216838,0.09469754248379646,0.6239994994238159,131.0,191779.0
Tahiti,191779.0,45864.0,5191.0,17343.0,123381.0,0.2391502719275833,0.027067614285192852,0.09043221624891151,0.6433498975383123,132.0,191779.0
Tahiti,191779.0,43280.0,5279.0,16596.0,126624.0,0.2256764296403673,0.027526475787234266,0.08653710781680997,0.6602599867555885,133.0,191779.0
Tahiti,191779.0,41375.0,5163.0,16025.0,129216.0,0.21574312098822082,0.026921612898179674,0.08355972238879127,0.6737755437248082,134.0,191779.0
Tahiti,191779.0,39672.0,5070.0,15472.0,131565.0,0.2068631080566694,0.02643667971988591,0.08067619499528103,0.6860240172281636,135.0,191779.0
Tahiti,191779.0,38180.0,4830.0,15127.0,133642.0,0.19908331986296726,0.02518523925977297,0.07887724933386867,0.6968541915433911,136.0,191779.0
Tahiti,191779.0,36848.0,4649.0,14768.0,135514.0,0.19213782530934043,0.02424144457943779,0.07700530297894972,0.706615427132272,137.0,191779.0
Tahiti,191779.0,35650.0,4456.0,14452.0,137221.0,0.18589105167927666,0.023235077876096966,0.07535757303980102,0.7155162974048254,138.0,191779.0
Tahiti,191779.0,34602.0,4336.0,14084.0,138757.0,0.1804264283367835,0.022609357646040495,0.07343869766762784,0.7235255163495482,139.0,191779.0
Tahiti,191779.0,33842.0,4187.0,13716.0,140034.0,0.17646353354642583,0.021832421693720377,0.07151982229545466,0.7301842224643992,140.0,191779.0
Tahiti,191779.0,33002.0,4009.0,13518.0,141250.0,0.17208349193603054,0.02090427001913661,0.07048738391586148,0.7365248541289714,141.0,191779.0
Tahiti,191779.0,32273.0,3881.0,13326.0,142299.0,0.16828224153843746,0.020236835107076374,0.06948623154777113,0.7419946918067151,142.0,191779.0
Tahiti,191779.0,31611.0,3746.0,13085.0,143337.0,0.16483035160262594,0.019532899848262845,0.06822957675240772,0.7474071717967035,143.0,191779.0
Tahiti,191779.0,30919.0,3686.0,12775.0,144399.0,0.1612220316093003,0.01922003973323461,0.06661313282476183,0.7529447958327032,144.0,191779.0
Tahiti,191779.0,30462.0,3524.0,12586.0,145207.0,0.15883908039983521,0.018375317422658372,0.06562762346242289,0.7571579787150835,145.0,191779.0
Tahiti,191779.0,29940.0,3400.0,12377.0,146062.0,0.15611719739908958,0.01772873985160002,0.06453782739507453,0.7616162353542358,146.0,191779.0
Tahiti,191779.0,29440.0,3273.0,12126.0,146940.0,0.15351002977385428,0.017066519274790252,0.06322902924720641,0.7661944217041491,147.0,191779.0
Tahiti,191779.0,28990.0,3208.0,11871.0,147710.0,0.15116357891114252,0.016727587483509665,0.061899373758336415,0.7702094598470114,148.0,191779.0
Tahiti,191779.0,28640.0,3109.0,11702.0,148328.0,0.1493385615734778,0.016211368293713075,0.06101815110100689,0.7734319190318022,149.0,191779.0
Tahiti,191779.0,28146.0,3066.0,11425.0,149142.0,0.14676267995974532,0.01598715187794284,0.05957378023662653,0.7776763879256853,150.0,191779.0
Tahiti,191779.0,27704.0,2908.0,11209.0,149958.0,0.14445794377903734,0.015163286908368486,0.05844748382252488,0.7819312854900693,151.0,191779.0
Tahiti,191779.0,27377.0,2794.0,10884.0,150724.0,0.14275285615213346,0.014568852689814839,0.056752824866121945,0.7859254662919297,152.0,191779.0
Tahiti,191779.0,26910.0,2748.0,10538.0,151583.0,0.14031776159016368,0.014328993268293191,0.05494866486945912,0.790404580272084,153.0,191779.0
Tahiti,191779.0,26602.0,2602.0,10296.0,152279.0,0.13871174633301875,0.013567700321724484,0.05368679573884523,0.7940337576064116,154.0,191779.0
Tahiti,191779.0,26234.0,2558.0,10043.0,152944.0,0.13679287096084555,0.01333826957070378,0.05236756892047617,0.7975012905479745,155.0,191779.0
Tahiti,191779.0,25927.0,2515.0,9707.0,153630.0,0.1351920700389511,0.013114053154933544,0.05061555227631805,0.8010783245297973,156.0,191779.0
Tahiti,191779.0,25720.0,2396.0,9520.0,154143.0,0.13411270264210368,0.012493547260127543,0.04964047158448005,0.8037532785132887,157.0,191779.0
Tahiti,191779.0,25538.0,2384.0,9318.0,154539.0,0.13316369362651803,0.012430975237121895,0.048587175863884995,0.8058181552724751,158.0,191779.0
Tahiti,191779.0,25309.0,2280.0,9114.0,155076.0,0.13196961085416026,0.011888684371072954,0.04752345147278899,0.8086182533019778,159.0,191779.0
Tahiti,191779.0,25171.0,2191.0,8899.0,155518.0,0.1312500325895953,0.01142460853378107,0.04640236939393781,0.8109229894826858,160.0,191779.0
Tahiti,191779.0,25003.0,2120.0,8612.0,156044.0,0.13037402426751626,0.011054390730997659,0.044905855177052756,0.8136657298244333,161.0,191779.0
Tahiti,191779.0,24800.0,2038.0,8470.0,156471.0,0.12931551421167073,0.01062681524045907,0.04416541957148593,0.8158922509763843,162.0,191779.0
Tahiti,191779.0,24514.0,1952.0,8232.0,157081.0,0.12782421433003613,0.010178382408918598,0.042924407781873924,0.8190729954791713,163.0,191779.0
Tahiti,191779.0,24431.0,1943.0,7919.0,157486.0,0.12739142450424706,0.010131453391664364,0.04129232084847663,0.8211848012556119,164.0,191779.0
Tahiti,191779.0,24231.0,1841.0,7811.0,157896.0,0.12634855745415297,0.009599591196116364,0.04072917264142581,0.8233226787083049,165.0,191779.0
Tahiti,191779.0,24106.0,1781.0,7557.0,158335.0,0.12569676554784412,0.009286731081088127,0.03940473148780628,0.8256117718832615,166.0,191779.0
Tahiti,191779.0,23913.0,1754.0,7384.0,158728.0,0.12469039884450331,0.009145944029325422,0.03850265148947486,0.8276610056366964,167.0,191779.0
Tahiti,191779.0,23791.0,1690.0,7151.0,159147.0,0.1240542499439459,0.008812226573295303,0.037287711376115217,0.8298458121066435,168.0,191779.0
Tahiti,191779.0,23630.0,1637.0,6947.0,159565.0,0.12321474196862013,0.008535866805020362,0.03622398698501921,0.8320254042413403,169.0,191779.0
Tahiti,191779.0,23577.0,1567.0,6749.0,159886.0,0.12293838220034518,0.00817086333748742,0.03519154860542604,0.8336992058567414,170.0,191779.0
Tahiti,191779.0,23510.0,1547.0,6618.0,160104.0,0.12258902173856366,0.008066576632478008,0.03450847068761439,0.8348359309413439,171.0,191779.0
Tahiti,191779.0,23432.0,1466.0,6488.0,160393.0,0.12218230358902696,0.00764421547718989,0.033830607105053215,0.83634287382873,172.0,191779.0
Tahiti,191779.0,23251.0,1422.0,6347.0,160759.0,0.12123850890869177,0.0074147847261691845,0.03309538583473686,0.8382513205304022,173.0,191779.0
Tahiti,191779.0,23111.0,1356.0,6140.0,161172.0,0.12050850197362589,0.007070638599638125,0.03201601843788945,0.8404048409888465,174.0,191779.0
Tahiti,191779.0,23049.0,1313.0,5949.0,161468.0,0.12018521318809672,0.006846422183867889,0.031020080405049562,0.8419482842229858,175.0,191779.0
Tahiti,191779.0,23110.0,1326.0,5706.0,161637.0,0.12050328763837542,0.006914208542124007,0.02975299693918521,0.8428295068803153,176.0,191779.0
Tahiti,191779.0,23194.0,1269.0,5570.0,161746.0,0.12094129179941496,0.0066169914328471835,0.029043847345121207,0.8433978694226166,177.0,191779.0
Tahiti,191779.0,23144.0,1224.0,5408.0,162003.0,0.12068057503689142,0.006382346346576007,0.02819912503454497,0.8447379535819876,178.0,191779.0
Tahiti,191779.0,23140.0,1197.0,5220.0,162222.0,0.12065971769588954,0.0062415592948133,0.0272188300074565,0.8458798930018406,179.0,191779.0
Tahiti,191779.0,23141.0,1171.0,5081.0,162386.0,0.12066493203114001,0.006105986578301065,0.026494037407641086,0.8467350439829179,180.0,191779.0
Tahiti,191779.0,23053.0,1119.0,4969.0,162638.0,0.1202060705290986,0.005834841145276594,0.02591003185958838,0.8480490564660365,181.0,191779.0
Tahiti,191779.0,22925.0,1103.0,4866.0,162885.0,0.11953863561703836,0.005751411781269065,0.025372955328789908,0.8493369972729027,182.0,191779.0
Tahiti,191779.0,22976.0,1048.0,4744.0,163011.0,0.11980456671481236,0.005464623342493182,0.024736806428232498,0.849994003514462,183.0,191779.0
Tahiti,191779.0,23054.0,1025.0,4644.0,163056.0,0.12021128486434907,0.0053446936317323585,0.02421537290318544,0.8502286486007331,184.0,191779.0
Tahiti,191779.0,22925.0,1010.0,4535.0,163309.0,0.11953863561703836,0.0052664786029753,0.02364701036088414,0.8515478754191022,185.0,191779.0
Tahiti,191779.0,22906.0,987.0,4362.0,163524.0,0.11943956324727942,0.005146548892214476,0.02274493036255273,0.8526689574979534,186.0,191779.0
Tahiti,191779.0,22819.0,975.0,4245.0,163740.0,0.11898591608048847,0.005083976869208829,0.02213485313824767,0.853795253912055,187.0,191779.0
Tahiti,191779.0,22880.0,961.0,4111.0,163827.0,0.11930399053076718,0.00501097617570224,0.02143613221468461,0.854248901078846,188.0,191779.0
Tahiti,191779.0,22912.0,954.0,4006.0,163907.0,0.11947084925878225,0.004974475828948947,0.0208886270133852,0.8546660478988836,189.0,191779.0
Tahiti,191779.0,23017.0,939.0,3887.0,163936.0,0.12001835446008166,0.004896260800191888,0.0202681211185792,0.8548172636211473,190.0,191779.0
Tahiti,191779.0,22988.0,906.0,3822.0,164063.0,0.11986713873781801,0.004724187736926358,0.01992918932729861,0.855479484197957,191.0,191779.0
Tahiti,191779.0,23050.0,876.0,3688.0,164165.0,0.12019042752334719,0.00456775767941224,0.01923046840373555,0.8560113463935051,192.0,191779.0
Tahiti,191779.0,23088.0,847.0,3589.0,164255.0,0.12038857226286506,0.0044165419571485925,0.018714249213938963,0.8564806365660473,193.0,191779.0
Tahiti,191779.0,23044.0,825.0,3527.0,164383.0,0.12015914151184436,0.00430182658163824,0.018390960428409785,0.8571480714781076,194.0,191779.0
Tahiti,191779.0,23140.0,831.0,3375.0,164433.0,0.12065971769588954,0.004333112593141063,0.017598381470338254,0.8574087882406312,195.0,191779.0
Tahiti,191779.0,23113.0,787.0,3325.0,164554.0,0.12051893064412683,0.0041036818421203575,0.017337664707814723,0.8580397228059381,196.0,191779.0
Tahiti,191779.0,23072.0,771.0,3239.0,164697.0,0.12030514289885753,0.004020252478112828,0.016889231876274252,0.8587853727467554,197.0,191779.0
Tahiti,191779.0,23063.0,776.0,3155.0,164785.0,0.1202582138816033,0.004046324154365181,0.016451227715234724,0.8592442342487968,198.0,191779.0
Tahiti,191779.0,23210.0,755.0,3078.0,164736.0,0.12102472116342249,0.003936823114105298,0.016049723900948488,0.8589887318215237,199.0,191779.0
Tahiti,191779.0,23249.0,707.0,2964.0,164859.0,0.12122808023819083,0.0036865350220827097,0.015455289682394839,0.8596300950573316,200.0,191779.0
Tahiti,191779.0,23210.0,673.0,2927.0,164969.0,0.12102472116342249,0.0035092476235667096,0.015262359278127429,0.8602036719348833,201.0,191779.0
Tahiti,191779.0,23325.0,663.0,2856.0,164935.0,0.1216243697172266,0.0034571042710620035,0.014892141475344015,0.8600263845363674,202.0,191779.0
Tahiti,191779.0,23438.0,632.0,2792.0,164917.0,0.12221358960052978,0.0032954598782974154,0.014558424019313898,0.8599325265018589,203.0,191779.0
Tahiti,191779.0,23542.0,599.0,2723.0,164915.0,0.12275588046657872,0.003123386815031886,0.014198634887031427,0.859922097831358,204.0,191779.0
Tahiti,191779.0,23595.0,588.0,2679.0,164917.0,0.12303224023485367,0.003066029127276709,0.01396920413601072,0.8599325265018589,205.0,191779.0
Tahiti,191779.0,23567.0,573.0,2622.0,165017.0,0.12288623884784049,0.0029878140985196504,0.013671987026733896,0.860453960026906,206.0,191779.0
Tahiti,191779.0,23655.0,579.0,2528.0,165017.0,0.1233451003498819,0.0030191001100224736,0.013181839513189662,0.860453960026906,207.0,191779.0
Tahiti,191779.0,23804.0,603.0,2467.0,164905.0,0.12412203630220202,0.003144244156033768,0.012863765062910955,0.8598699544788533,208.0,191779.0
Tahiti,191779.0,23811.0,580.0,2409.0,164979.0,0.1241585366489553,0.0030243144452729446,0.012561333618383661,0.860255815287388,209.0,191779.0
Tahiti,191779.0,23880.0,587.0,2336.0,164976.0,0.12451832578123778,0.0030608147920262387,0.012180687145099307,0.8602401722816366,210.0,191779.0
Tahiti,191779.0,23880.0,548.0,2316.0,165035.0,0.12451832578123778,0.0028574557172578855,0.012076400440089894,0.8605478180614144,211.0,191779.0
Tahiti,191779.0,23894.0,529.0,2268.0,165088.0,0.12459132647474437,0.0027583833474989442,0.011826112348067307,0.8608241778296893,212.0,191779.0
Tahiti,191779.0,23991.0,508.0,2228.0,165052.0,0.12509711699404003,0.0026488823072390614,0.011617538938048483,0.8606364617606724,213.0,191779.0
Tahiti,191779.0,24066.0,504.0,2149.0,165060.0,0.1254881921378253,0.0026280249662371793,0.011205606453261305,0.8606781764426762,214.0,191779.0
Tahiti,191779.0,24141.0,510.0,2054.0,165074.0,0.1258792672816106,0.002659310977740003,0.010710244604466599,0.8607511771361828,215.0,191779.0
Tahiti,191779.0,24241.0,498.0,2044.0,164996.0,0.12640070080665766,0.0025967389547343557,0.010658101251961894,0.8603444589866461,216.0,191779.0
Tahiti,191779.0,24335.0,495.0,2016.0,164933.0,0.1268908483202019,0.0025810959489829437,0.010512099864948717,0.8600159558658664,217.0,191779.0
Tahiti,191779.0,24265.0,478.0,1982.0,165054.0,0.12652584485266896,0.002492452249724944,0.010334812466432718,0.8606468904311734,218.0,191779.0
Tahiti,191779.0,24358.0,476.0,1935.0,165010.0,0.12701077803096272,0.002482023579224003,0.010089738709660599,0.8604174596801527,219.0,191779.0
Tahiti,191779.0,24420.0,470.0,1916.0,164973.0,0.1273340668164919,0.0024507375677211792,0.009990666339901658,0.8602245292758852,220.0,191779.0
Tahiti,191779.0,24602.0,484.0,1852.0,164841.0,0.12828307583207754,0.0025237382612277675,0.00965694888387154,0.8595362370228231,221.0,191779.0
Tahiti,191779.0,24813.0,486.0,1798.0,164682.0,0.12938330056992683,0.0025341669317287085,0.009375374780346127,0.8587071577179983,222.0,191779.0
Tahiti,191779.0,24927.0,489.0,1777.0,164586.0,0.1299777347884805,0.0025498099374801205,0.009265873740086245,0.8582065815339531,223.0,191779.0
Tahiti,191779.0,25062.0,492.0,1760.0,164465.0,0.13068167004729403,0.002565452943231532,0.009177230040828245,0.8575756469686462,224.0,191779.0
Tahiti,191779.0,25104.0,470.0,1750.0,164455.0,0.13090067212781378,0.0024507375677211792,0.00912508668832354,0.8575235036161415,225.0,191779.0
Tahiti,191779.0,25232.0,467.0,1717.0,164363.0,0.131568107039874,0.0024350945619697672,0.00895301362505801,0.8570437847730982,226.0,191779.0
Tahiti,191779.0,25284.0,470.0,1676.0,164349.0,0.1318392524728985,0.0024507375677211792,0.008739225879788716,0.8569707840795916,227.0,191779.0
Tahiti,191779.0,25295.0,461.0,1658.0,164365.0,0.13189661016065368,0.0024038085504669436,0.008645367845280244,0.8570542134435991,228.0,191779.0
Tahiti,191779.0,25505.0,477.0,1648.0,164149.0,0.1329916205632525,0.0024872379144744734,0.008593224492775539,0.8559279170294974,229.0,191779.0
Tahiti,191779.0,25583.0,467.0,1603.0,164126.0,0.1333983387127892,0.0024350945619697672,0.008358579406504361,0.8558079873187366,230.0,191779.0
Tahiti,191779.0,25724.0,447.0,1586.0,164022.0,0.13413355998310555,0.0023308078569603554,0.008269935707246361,0.8552656964526877,231.0,191779.0
Tahiti,191779.0,25885.0,444.0,1557.0,163893.0,0.1349730679584313,0.002315164851208944,0.008118719984982715,0.854593047205377,232.0,191779.0
Tahiti,191779.0,25984.0,438.0,1536.0,163821.0,0.13548928714822792,0.00228387883970612,0.008009218944722831,0.8542176150673432,233.0,191779.0
Tahiti,191779.0,26040.0,415.0,1498.0,163826.0,0.13578128992225427,0.0021639491289452964,0.00781107420520495,0.8542436867435955,234.0,191779.0
Tahiti,191779.0,26256.0,429.0,1488.0,163606.0,0.1369075863363559,0.0022369498224518846,0.007758930852700244,0.853096532988492,235.0,191779.0
Tahiti,191779.0,26232.0,409.0,1501.0,163637.0,0.1367824422903446,0.0021326631174424728,0.00782671721095636,0.8532581773812565,236.0,191779.0
Tahiti,191779.0,26344.0,408.0,1501.0,163526.0,0.13736644783839733,0.0021274487821920022,0.00782671721095636,0.8526793861684543,237.0,191779.0
Tahiti,191779.0,26515.0,397.0,1483.0,163384.0,0.1382580991662278,0.0020700910944368256,0.007732859176447891,0.8519389505628875,238.0,191779.0
Tahiti,191779.0,26695.0,413.0,1445.0,163226.0,0.1391966795113125,0.0021535204584443553,0.007534714436930008,0.8511150855933132,239.0,191779.0
Tahiti,191779.0,26809.0,414.0,1411.0,163145.0,0.13979111372986613,0.002158734793694826,0.007357427038414008,0.850692724438025,240.0,191779.0
Tahiti,191779.0,26975.0,409.0,1396.0,162999.0,0.14065669338144426,0.0021326631174424728,0.007279212009656949,0.8499314314914563,241.0,191779.0
Tahiti,191779.0,27110.0,432.0,1373.0,162864.0,0.1413606286402578,0.0022525928282032966,0.007159282298896125,0.8492274962326428,242.0,191779.0
Tahiti,191779.0,27183.0,428.0,1351.0,162817.0,0.14174127511354215,0.002231735487201414,0.007044566923385772,0.8489824224758706,243.0,191779.0
Tahiti,191779.0,27355.0,421.0,1358.0,162645.0,0.1426381407766231,0.00219523514044812,0.007081067270139066,0.8480855568127897,244.0,191779.0
Tahiti,191779.0,27486.0,413.0,1337.0,162543.0,0.14332121869443473,0.0021535204584443553,0.006971566229879184,0.8475536946172417,245.0,191779.0
Tahiti,191779.0,27556.0,416.0,1296.0,162511.0,0.1436862221619677,0.002169163464195767,0.006757778484609889,0.8473868358892267,246.0,191779.0
Tahiti,191779.0,27774.0,418.0,1269.0,162318.0,0.14482294724657027,0.0021795921346967084,0.0066169914328471835,0.8463804691858858,247.0,191779.0
Tahiti,191779.0,27866.0,399.0,1263.0,162251.0,0.14530266608961356,0.002080519764937767,0.00658570542134436,0.8460311087241043,248.0,191779.0
Tahiti,191779.0,27976.0,377.0,1260.0,162166.0,0.14587624296716534,0.0019658043894274137,0.006570062415592948,0.8455878902278143,249.0,191779.0
Tahiti,191779.0,28164.0,397.0,1245.0,161973.0,0.1468565379942538,0.0020700910944368256,0.006491847386835889,0.8445815235244735,250.0,191779.0
Tahiti,191779.0,28208.0,372.0,1246.0,161953.0,0.14708596874527452,0.001939732713175061,0.00649706172208636,0.8444772368194641,251.0,191779.0
Tahiti,191779.0,28207.0,377.0,1229.0,161966.0,0.14708075441002405,0.0019658043894274137,0.00640841802282836,0.8445450231777202,252.0,191779.0
Tahiti,191779.0,28240.0,394.0,1219.0,161926.0,0.14725282747328958,0.002054448088685414,0.006356274670323654,0.8443364497677014,253.0,191779.0
Tahiti,191779.0,28254.0,366.0,1190.0,161969.0,0.14732582816679615,0.0019084467016722373,0.006205058948060007,0.8445606661834716,254.0,191779.0
Tahiti,191779.0,28291.0,390.0,1151.0,161947.0,0.14751875857106356,0.0020335907476835315,0.0060016998732916535,0.8444459508079613,255.0,191779.0
Tahiti,191779.0,28327.0,369.0,1135.0,161948.0,0.14770647464008052,0.001924089707423649,0.005918270509284124,0.8444511651432117,256.0,191779.0
Tahiti,191779.0,28477.0,382.0,1136.0,161784.0,0.1484886249276511,0.001991876065679767,0.005923484844534595,0.8435960141621346,257.0,191779.0
Tahiti,191779.0,28554.0,369.0,1123.0,161733.0,0.14889012874193733,0.001924089707423649,0.005855698486278477,0.8433300830643605,258.0,191779.0
Tahiti,191779.0,28783.0,370.0,1149.0,161477.0,0.1500842115142951,0.0019293040426741196,0.0059912712027907124,0.8419952132402401,259.0,191779.0
Tahiti,191779.0,28910.0,361.0,1106.0,161402.0,0.15074643209110486,0.0018823750254198844,0.005767054787020476,0.8416041380964547,260.0,191779.0
Tahiti,191779.0,29005.0,350.0,1134.0,161290.0,0.15124179393989956,0.0018250173376647078,0.005913056174033654,0.841020132548402,261.0,191779.0
Tahiti,191779.0,29107.0,362.0,1122.0,161188.0,0.15177365613544758,0.001887589360670355,0.0058504841510280065,0.8404882703528541,262.0,191779.0
Tahiti,191779.0,29256.0,354.0,1114.0,161055.0,0.1525505920877677,0.0018458746786665901,0.005808769469024241,0.8397947637645414,263.0,191779.0
Tahiti,191779.0,29361.0,372.0,1104.0,160942.0,0.1530980972890671,0.001939732713175061,0.005756626116519535,0.8392055438812382,264.0,191779.0
Tahiti,191779.0,29545.0,354.0,1101.0,160779.0,0.1540575349751537,0.0018458746786665901,0.005740983110768124,0.8383556072354116,265.0,191779.0
Tahiti,191779.0,29632.0,358.0,1087.0,160702.0,0.15451118214194465,0.0018667320196684726,0.0056679824172615354,0.8379541034211253,266.0,191779.0
Tahiti,191779.0,29781.0,361.0,1090.0,160547.0,0.15528811809426477,0.0018823750254198844,0.005683625423012947,0.8371458814573024,267.0,191779.0
Tahiti,191779.0,29897.0,373.0,1101.0,160408.0,0.15589298098331933,0.0019449470484255314,0.005740983110768124,0.836421088857487,268.0,191779.0
Tahiti,191779.0,29917.0,370.0,1078.0,160414.0,0.15599726768832875,0.0019293040426741196,0.0056210534000073,0.8364523748689898,269.0,191779.0
Tahiti,191779.0,30098.0,364.0,1073.0,160244.0,0.15694106236866393,0.001898018031171296,0.005594981723754947,0.8355659378764099,270.0,191779.0
Tahiti,191779.0,30290.0,371.0,1028.0,160090.0,0.1579422147367543,0.0019345183779245904,0.00536033663748377,0.8347629302478373,271.0,191779.0
Tahiti,191779.0,30404.0,378.0,1040.0,159957.0,0.15853664895530795,0.0019710187246778843,0.005422908660489417,0.8340694236595247,272.0,191779.0
Tahiti,191779.0,30366.0,378.0,1038.0,159997.0,0.15833850421579004,0.0019710187246778843,0.005412479989988476,0.8342779970695436,273.0,191779.0
Tahiti,191779.0,30394.0,365.0,1031.0,159989.0,0.15848450560280322,0.0019032323664217668,0.0053759796432351825,0.8342362823875398,274.0,191779.0
Tahiti,191779.0,30500.0,369.0,1026.0,159884.0,0.15903722513935312,0.001924089707423649,0.005349907966982829,0.8336887771862405,275.0,191779.0
Tahiti,191779.0,30636.0,361.0,1020.0,159762.0,0.1597463747334171,0.0018823750254198844,0.005318621955480006,0.833052628285683,276.0,191779.0
Tahiti,191779.0,30857.0,358.0,1017.0,159547.0,0.16089874282377112,0.0018667320196684726,0.005302978949728594,0.8319315462068319,277.0,191779.0
Tahiti,191779.0,30883.0,347.0,1039.0,159510.0,0.16103431554028336,0.001809374331913296,0.005417694325238947,0.8317386158025644,278.0,191779.0
Tahiti,191779.0,30970.0,311.0,1047.0,159451.0,0.1614879627070743,0.0016216582628963546,0.005459409007242712,0.8314309700227867,279.0,191779.0
Tahiti,191779.0,31110.0,318.0,1032.0,159319.0,0.16221796964214016,0.0016581586096496488,0.005381193978485653,0.8307426777697245,280.0,191779.0
Tahiti,191779.0,31162.0,319.0,1037.0,159261.0,0.16248911507516464,0.0016633729449001195,0.005407265654738006,0.8304402463251972,281.0,191779.0
Tahiti,191779.0,31236.0,358.0,1024.0,159161.0,0.16287497588369948,0.0018667320196684726,0.005339479296481888,0.8299188128001501,282.0,191779.0
Tahiti,191779.0,31424.0,372.0,1009.0,158974.0,0.16385527091078794,0.001939732713175061,0.005261264267724829,0.8289437321083122,283.0,191779.0
Tahiti,191779.0,31464.0,351.0,1038.0,158926.0,0.16406384432080676,0.0018302316729151783,0.005412479989988476,0.8286934440162896,284.0,191779.0
Tahiti,191779.0,31597.0,353.0,1020.0,158809.0,0.16475735090911936,0.0018406603434161196,0.005318621955480006,0.8280833667919846,285.0,191779.0
Tahiti,191779.0,31678.0,350.0,1016.0,158735.0,0.16517971206440746,0.0018250173376647078,0.005297764614478123,0.8276975059834497,286.0,191779.0
Tahiti,191779.0,31741.0,334.0,1018.0,158686.0,0.16550821518518713,0.0017415879736571783,0.005308193284979065,0.8274420035561766,287.0,191779.0
Tahiti,191779.0,31728.0,344.0,998.0,158709.0,0.165440428826931,0.0017937313261618842,0.0052039065799696525,0.8275619332669375,288.0,191779.0
Tahiti,191779.0,31740.0,343.0,994.0,158702.0,0.16550300084993663,0.0017885169909114137,0.00518304923896777,0.8275254329201842,289.0,191779.0
Tahiti,191779.0,31746.0,348.0,976.0,158709.0,0.16553428686143948,0.0018145886671637667,0.005089191204459299,0.8275619332669375,290.0,191779.0
Tahiti,191779.0,31934.0,351.0,987.0,158507.0,0.16651458188852794,0.0018302316729151783,0.005146548892214476,0.8265086375463424,291.0,191779.0
Tahiti,191779.0,32040.0,351.0,989.0,158399.0,0.16706730142507784,0.0018302316729151783,0.005156977562715417,0.8259454893392916,292.0,191779.0
Tahiti,191779.0,32160.0,359.0,981.0,158279.0,0.1676930216551343,0.0018719463549189432,0.005115262880711653,0.8253197691092351,293.0,191779.0
Tahiti,191779.0,32341.0,365.0,985.0,158088.0,0.16863681633546948,0.0019032323664217668,0.005136120221713535,0.8243238310763952,294.0,191779.0
Tahiti,191779.0,32430.0,345.0,997.0,158007.0,0.16910089217276136,0.001798945661412355,0.005198692244719182,0.8239014699211071,295.0,191779.0
Tahiti,191779.0,32567.0,336.0,1016.0,157860.0,0.16981525610207582,0.0017520166441581195,0.005297764614478123,0.823134962639288,296.0,191779.0
Tahiti,191779.0,32517.0,341.0,1003.0,157918.0,0.1695545393395523,0.0017780883204104724,0.005229978256222005,0.8234373940838152,297.0,191779.0
Tahiti,191779.0,32597.0,339.0,990.0,157853.0,0.16997168615958994,0.0017676596499095313,0.005162191897965887,0.8230984622925346,298.0,191779.0
Tahiti,191779.0,32764.0,338.0,979.0,157698.0,0.17084248014641853,0.0017624453146590606,0.005104834210210712,0.8222902403287117,299.0,191779.0
Tahiti,191779.0,32877.0,351.0,967.0,157584.0,0.17143170002972172,0.0018302316729151783,0.005042262187205064,0.821695806110158,300.0,191779.0
Tahiti,191779.0,32885.0,342.0,1002.0,157550.0,0.17147341471172547,0.0017833026556609431,0.005224763920971535,0.821518518711642,301.0,191779.0
Tahiti,191779.0,33059.0,356.0,1002.0,157362.0,0.17238070904530736,0.0018563033491675314,0.005224763920971535,0.8205382236845535,302.0,191779.0
Tahiti,191779.0,33233.0,356.0,1006.0,157184.0,0.17328800337888925,0.0018563033491675314,0.005245621261973418,0.8196100720099698,303.0,191779.0
Tahiti,191779.0,33430.0,350.0,1025.0,156974.0,0.17431522742323194,0.0018250173376647078,0.0053446936317323585,0.818515061607371,304.0,191779.0
Tahiti,191779.0,33513.0,352.0,1008.0,156906.0,0.174748017249021,0.001835446008165649,0.005256049932474359,0.818160486810339,305.0,191779.0
Tahiti,191779.0,33533.0,363.0,978.0,156905.0,0.17485230395403042,0.0018928036959208255,0.005099619874960241,0.8181552724750886,306.0,191779.0
Tahiti,191779.0,33747.0,366.0,971.0,156695.0,0.17596817169763113,0.0019084467016722373,0.0050631195282069465,0.8170602620724897,307.0,191779.0
Tahiti,191779.0,33858.0,373.0,988.0,156560.0,0.17654696291043337,0.0019449470484255314,0.005151763227464946,0.8163563268136762,308.0,191779.0
Tahiti,191779.0,33972.0,355.0,998.0,156454.0,0.17714139712898702,0.0018510890139170609,0.0052039065799696525,0.8158036072771263,309.0,191779.0
Tahiti,191779.0,34158.0,377.0,999.0,156245.0,0.17811126348557454,0.0019658043894274137,0.005209120915220123,0.8147138112097779,310.0,191779.0
Tahiti,191779.0,34295.0,370.0,1017.0,156097.0,0.178825627414889,0.0019293040426741196,0.005302978949728594,0.8139420895927083,311.0,191779.0
Tahiti,191779.0,34372.0,381.0,1004.0,156022.0,0.17922713122917525,0.0019866617304292963,0.0052351925914724765,0.813551014448923,312.0,191779.0
Tahiti,191779.0,34425.0,359.0,1025.0,155970.0,0.1795034909974502,0.0018719463549189432,0.0053446936317323585,0.8132798690158985,313.0,191779.0
Tahiti,191779.0,34481.0,366.0,986.0,155946.0,0.17979549377147655,0.0019084467016722373,0.005141334556964005,0.8131547249698872,314.0,191779.0
Tahiti,191779.0,34557.0,357.0,996.0,155869.0,0.1801917832505123,0.001861517684418002,0.0051934779094687114,0.812753221155601,315.0,191779.0
Tahiti,191779.0,34589.0,340.0,984.0,155866.0,0.18035864197852736,0.0017728739851600019,0.005130905886463064,0.8127375781498496,316.0,191779.0
Tahiti,191779.0,34832.0,329.0,1023.0,155595.0,0.18162572544439173,0.0017155162974048254,0.005334264961231417,0.811324493296972,317.0,191779.0
Tahiti,191779.0,34899.0,355.0,995.0,155530.0,0.18197508590617326,0.0018510890139170609,0.005188263574218241,0.8109855615056915,318.0,191779.0
Tahiti,191779.0,35035.0,357.0,982.0,155405.0,0.18268423550023724,0.001861517684418002,0.005120477215962123,0.8103337695993826,319.0,191779.0
Tahiti,191779.0,35041.0,356.0,985.0,155397.0,0.1827155215117401,0.0018563033491675314,0.005136120221713535,0.8102920549173789,320.0,191779.0
Tahiti,191779.0,35139.0,356.0,997.0,155287.0,0.1832265263662862,0.0018563033491675314,0.005198692244719182,0.8097184780398271,321.0,191779.0
Tahiti,191779.0,35217.0,344.0,1007.0,155211.0,0.1836332445158229,0.0017937313261618842,0.005250835597223888,0.8093221885607913,322.0,191779.0
Tahiti,191779.0,35270.0,352.0,993.0,155164.0,0.18390960428409783,0.001835446008165649,0.0051778349037173,0.8090771148040192,323.0,191779.0
Tahiti,191779.0,35361.0,366.0,979.0,155073.0,0.18438410879189066,0.0019084467016722373,0.005104834210210712,0.8086026102962264,324.0,191779.0
Tahiti,191779.0,35470.0,362.0,1005.0,154942.0,0.18495247133419196,0.001887589360670355,0.005240406926722947,0.8079195323784147,325.0,191779.0
Tahiti,191779.0,35457.0,347.0,988.0,154987.0,0.18488468497593585,0.001809374331913296,0.005151763227464946,0.8081541774646859,326.0,191779.0
Tahiti,191779.0,35565.0,344.0,973.0,154897.0,0.18544783318298666,0.0017937313261618842,0.005073548198707888,0.8076848872921436,327.0,191779.0
Tahiti,191779.0,35733.0,346.0,1006.0,154694.0,0.18632384150506573,0.0018041599966628255,0.005245621261973418,0.806626377236298,328.0,191779.0
Tahiti,191779.0,35836.0,361.0,1020.0,154562.0,0.1868609180358642,0.0018823750254198844,0.005318621955480006,0.8059380849832359,329.0,191779.0
Tahiti,191779.0,35941.0,353.0,1008.0,154477.0,0.1874084232371636,0.0018406603434161196,0.005256049932474359,0.8054948664869459,330.0,191779.0
Tahiti,191779.0,35989.0,374.0,986.0,154430.0,0.1876587113291862,0.0019501613836760022,0.005141334556964005,0.8052497927301738,331.0,191779.0
Tahiti,191779.0,36057.0,374.0,961.0,154387.0,0.1880132861262182,0.0019501613836760022,0.00501097617570224,0.8050255763144035,332.0,191779.0
Tahiti,191779.0,36196.0,382.0,951.0,154250.0,0.1887380787260336,0.001991876065679767,0.004958832823197534,0.8043112123850891,333.0,191779.0
Tahiti,191779.0,36302.0,383.0,949.0,154145.0,0.1892907982625835,0.0019970904009302373,0.004948404152696593,0.8037637071837896,334.0,191779.0
Tahiti,191779.0,36298.0,369.0,991.0,154121.0,0.18926994092158161,0.001924089707423649,0.005167406233216359,0.8036385631377784,335.0,191779.0
Tahiti,191779.0,36509.0,393.0,1004.0,153873.0,0.1903701656594309,0.0020492337534349435,0.0052351925914724765,0.8023454079956617,336.0,191779.0
Tahiti,191779.0,36509.0,405.0,1001.0,153864.0,0.1903701656594309,0.0021118057764405907,0.005219549585721064,0.8022984789784074,337.0,191779.0
Tahiti,191779.0,36629.0,390.0,1009.0,153751.0,0.19099588588948738,0.0020335907476835315,0.005261264267724829,0.8017092590951043,338.0,191779.0
Tahiti,191779.0,36795.0,366.0,1023.0,153595.0,0.1918614655410655,0.0019084467016722373,0.005334264961231417,0.8008958227960309,339.0,191779.0
Tahiti,191779.0,36869.0,379.0,1037.0,153494.0,0.19224732634960032,0.0019762330599283552,0.005407265654738006,0.8003691749357333,340.0,191779.0
Tahiti,191779.0,37002.0,391.0,1069.0,153317.0,0.19294083293791292,0.002038805082934002,0.005574124382753065,0.7994462375964,341.0,191779.0
Tahiti,191779.0,36958.0,380.0,1070.0,153371.0,0.1927114021868922,0.0019814473951788258,0.005579338718003536,0.7997278116999255,342.0,191779.0
Tahiti,191779.0,37149.0,384.0,1068.0,153178.0,0.1937073402197321,0.002002304736180708,0.005568910047502594,0.7987214449965846,343.0,191779.0
Tahiti,191779.0,37303.0,373.0,1070.0,153033.0,0.19451034784830457,0.0019449470484255314,0.005579338718003536,0.7979653663852664,344.0,191779.0
Tahiti,191779.0,37340.0,383.0,1083.0,152973.0,0.19470327825257197,0.0019970904009302373,0.005647125076259653,0.7976525062702381,345.0,191779.0
Tahiti,191779.0,37427.0,384.0,1096.0,152872.0,0.19515692541936291,0.002002304736180708,0.005714911434515771,0.7971258584099407,346.0,191779.0
Tahiti,191779.0,37458.0,401.0,1091.0,152829.0,0.1953185698121275,0.002090948435438708,0.0056888397582634176,0.7969016419941704,347.0,191779.0
Tahiti,191779.0,37615.0,399.0,1111.0,152654.0,0.19613722044645138,0.002080519764937767,0.00579312646327283,0.795989133325338,348.0,191779.0
Tahiti,191779.0,37627.0,385.0,1127.0,152640.0,0.19619979246945704,0.0020075190714311784,0.005876555827280359,0.7959161326318315,349.0,191779.0
Tahiti,191779.0,37764.0,387.0,1134.0,152494.0,0.1969141563987715,0.00201794774193212,0.005913056174033654,0.7951548396852627,350.0,191779.0
Tahiti,191779.0,37804.0,418.0,1134.0,152423.0,0.19712272980879034,0.0021795921346967084,0.005913056174033654,0.7947846218824793,351.0,191779.0
Tahiti,191779.0,37944.0,417.0,1161.0,152257.0,0.1978527367438562,0.0021743777994462374,0.00605384322579636,0.7939190422309012,352.0,191779.0
Tahiti,191779.0,37927.0,414.0,1169.0,152269.0,0.19776409304459822,0.002158734793694826,0.006095557907800124,0.7939816142539068,353.0,191779.0
Tahiti,191779.0,37970.0,423.0,1165.0,152221.0,0.19798830946036844,0.002205663810949061,0.006074700566798242,0.7937313261618842,354.0,191779.0
Tahiti,191779.0,38021.0,451.0,1160.0,152147.0,0.19825424055814245,0.002351665197962238,0.006048628890545889,0.7933454653533494,355.0,191779.0
Tahiti,191779.0,38228.0,466.0,1162.0,151923.0,0.19933360795498986,0.0024298802267192967,0.00605905756104683,0.7921774542572441,356.0,191779.0
Tahiti,191779.0,38292.0,454.0,1179.0,151854.0,0.19966732541101997,0.0023673082037136495,0.00614770126030483,0.7918176651249615,357.0,191779.0
Tahiti,191779.0,38239.0,440.0,1148.0,151952.0,0.19939096564274503,0.0022943075102070613,0.005986056867540242,0.7923286699795077,358.0,191779.0
Tahiti,191779.0,38347.0,443.0,1168.0,151821.0,0.19995411384979586,0.002309950515958473,0.006090343572549653,0.791645592061696,359.0,191779.0
Tahiti,191779.0,38514.0,448.0,1173.0,151644.0,0.20082490783662446,0.002336022192210826,0.006116415248802007,0.7907226547223627,360.0,191779.0
Tahiti,191779.0,38542.0,455.0,1185.0,151597.0,0.2009709092236376,0.00237252253896412,0.006178987271807654,0.7904775809655906,361.0,191779.0
Tahiti,191779.0,38700.0,452.0,1189.0,151438.0,0.20179477419321198,0.0023568795332127085,0.006199844612809536,0.7896485016607657,362.0,191779.0
Tahiti,191779.0,38812.0,440.0,1184.0,151343.0,0.2023787797412647,0.0022943075102070613,0.006173772936557183,0.7891531398119711,363.0,191779.0
Tahiti,191779.0,38868.0,433.0,1225.0,151253.0,0.20267078251529103,0.002257807163453767,0.006387560681826478,0.7886838496394287,364.0,191779.0
Tahiti,191779.0,38979.0,447.0,1233.0,151120.0,0.20324957372809327,0.0023308078569603554,0.006429275363830242,0.7879903430511161,365.0,191779.0
